drive_file_id	drive_title	drive_parent_id
1x1kZHLqSWLx51L8ccLzAVsiQcS1m5BzI	DOD_111764796-1920x1080-9000k.mp4	0ANXFJdIidbpBUk9PVA
1rUrhqXbR6fZbZ7YIVuCLBB-anh13bOww	video_2605_DOD_111719718_DOD_111719718.mp4	1Z8_NzOrfjXiQTsxkj0GEbUdr1SI5LjWM
11SagFgJL_i4gIxUnZbibt_xHePq6OEnH	video_2605_DOD_111721737_DOD_111721737.mp4	1Z8_NzOrfjXiQTsxkj0GEbUdr1SI5LjWM
1g74JM3JP5c-Sa6FMgU5r1mqm2knkPfC6	DOD_111689090.mp4	1Z8_NzOrfjXiQTsxkj0GEbUdr1SI5LjWM
1DcFirCP66Clv9mmBu3jpJecih8NVqZ7p	video_2605_DOD_111721698_DOD_111721698.mp4	1Z8_NzOrfjXiQTsxkj0GEbUdr1SI5LjWM
1yWSwE7G6vLitQaY0Eg5Z_e_EQH0-RjdP	video_2605_DOD_111719833_DOD_111719833.mp4	1Z8_NzOrfjXiQTsxkj0GEbUdr1SI5LjWM
1PhMN2KdiNgWJnxAt6AQSmfwl7RpLqyNP	video_2605_DOD_111719823_DOD_111719823.mp4	1Z8_NzOrfjXiQTsxkj0GEbUdr1SI5LjWM
1iXIhpguyP0kbS7kFUiLL7AqYs80gOENk	video_2605_DOD_111719800_DOD_111719800.mp4	1Z8_NzOrfjXiQTsxkj0GEbUdr1SI5LjWM
1vCLsw-W-aQ5AbMqY1zZqvRXNmDxQYCCR	video_2605_DOD_111719850_DOD_111719850.mp4	1Z8_NzOrfjXiQTsxkj0GEbUdr1SI5LjWM
12IgXFw9jbxDEmyUPIczw3cnlND6lR2KM	DOD_111689011.mp4	1Z8_NzOrfjXiQTsxkj0GEbUdr1SI5LjWM
1anXC6riya4HVBwh38kMEbi14S0gOawGZ	DOD_111688825.mp4	1Z8_NzOrfjXiQTsxkj0GEbUdr1SI5LjWM
1DfV0lEs45t8H1cdnRG9oX_0kgwgN-6vZ	DOD_111689030.mp4	1Z8_NzOrfjXiQTsxkj0GEbUdr1SI5LjWM
1Hp3xm2f6eHydMJlP8VE6cGLmAUHxRVyo	DOD_111689083.mp4	1Z8_NzOrfjXiQTsxkj0GEbUdr1SI5LjWM
1xl5LT-dKndRR7WcIe2dNGR8_Xb1lOwj-	DOD_111689167.mp4	1Z8_NzOrfjXiQTsxkj0GEbUdr1SI5LjWM
14eMKUL2RJHzD-EzooYjQYD7A5o3un8qI	DOD_111689115.mp4	1Z8_NzOrfjXiQTsxkj0GEbUdr1SI5LjWM
10TwdLXqnN3wAOb4TdD09DdQxpaICm2Lt	DOD_111689051.mp4	1Z8_NzOrfjXiQTsxkj0GEbUdr1SI5LjWM
1zCezpvhETcAWRzk7MjLXGI_EgeL_6Euw	DOD_111689082.mp4	1Z8_NzOrfjXiQTsxkj0GEbUdr1SI5LjWM
15rnCHWibpOAj3k7mLDnlbYPkAkEuV7sL	DOD_111688816.mp4	1Z8_NzOrfjXiQTsxkj0GEbUdr1SI5LjWM
1HDNvU0fJinlG7pJSFafjFLgMJ2ZEluX1	DOD_111689232.mp4	1Z8_NzOrfjXiQTsxkj0GEbUdr1SI5LjWM
1pTvBm9uj4i97JME74_oCg0KtzqxmEwNY	DOD_111689168.mp4	1Z8_NzOrfjXiQTsxkj0GEbUdr1SI5LjWM
1O50NuVZsiuupfcpi7xQeT2_RgSiM-s5d	DOD_111688954.mp4	1Z8_NzOrfjXiQTsxkj0GEbUdr1SI5LjWM
1cTqK3YKF1qKYGsheJoWU1qXMw9PZAVay	DOD_111689142.mp4	1Z8_NzOrfjXiQTsxkj0GEbUdr1SI5LjWM
1mgAMZjkCWlSutQRLJT3B_YhL55jn0Jbd	DOD_111688964.mp4	1Z8_NzOrfjXiQTsxkj0GEbUdr1SI5LjWM
1VtF6FZOPqHrIdtsCtJX0eZ5BrPCxx_bx	DOD_111689123.mp4	1Z8_NzOrfjXiQTsxkj0GEbUdr1SI5LjWM
1P3vpVaurCry-Vnn2jCTFP5HCU798Y1-X	DOD_111688762.mp4	1Z8_NzOrfjXiQTsxkj0GEbUdr1SI5LjWM
1PWVjPXuV4qGeahH9n_ksWdLwirr-ZBhM	DOD_111689759.mp4	1Z8_NzOrfjXiQTsxkj0GEbUdr1SI5LjWM
1oelRVjukA859swcp82capL-lOglPF70K	DOD_111689044.mp4	1Z8_NzOrfjXiQTsxkj0GEbUdr1SI5LjWM
12x5u4mBWD6a4pg6BantCflisniydKetZ	DOD_111688723.mp4	1Z8_NzOrfjXiQTsxkj0GEbUdr1SI5LjWM
1J-JVQT_LdUGGnnGSsJkmM84lX7-gJTZT	DOD_111688809.mp4	1Z8_NzOrfjXiQTsxkj0GEbUdr1SI5LjWM
1Tw0nI_iwn5ZTh3bHXJFRlQYXgEbCbOqR	DOD_111688775.mp4	1Z8_NzOrfjXiQTsxkj0GEbUdr1SI5LjWM
13Sxk7nlXcwj5p5c7Jl_06ZsPOwKCHop0	DOD_111689133.mp4	1Z8_NzOrfjXiQTsxkj0GEbUdr1SI5LjWM
1TNmka2eW2fv_KfzVAzYMYdrQ1kc5mRRt	DOD_111689022.mp4	1Z8_NzOrfjXiQTsxkj0GEbUdr1SI5LjWM
1urLBK1jSyW99JqX44NyL0uTDW2BnLTRv	DOD_111688997.mp4	1Z8_NzOrfjXiQTsxkj0GEbUdr1SI5LjWM
1mXzcflOtlTEdfhwpfcxhlIfbzS0yVpt2	DOD_111689057.mp4	1Z8_NzOrfjXiQTsxkj0GEbUdr1SI5LjWM
1HUs28odPyZONAaXrkP91FO9Uh4FiEHFH	DOD_111688970.mp4	1Z8_NzOrfjXiQTsxkj0GEbUdr1SI5LjWM
1WxvHKrvLBXyFVzrXFbxPMpJIgCfNMW9m	DOD_111689005.mp4	1Z8_NzOrfjXiQTsxkj0GEbUdr1SI5LjWM
1gUTx_WwJHlRxQD4LABR4u-sVxzWqxDfy	video_2605_DOD_111721747_DOD_111721747.mp4	1Z8_NzOrfjXiQTsxkj0GEbUdr1SI5LjWM
1OjQZ85Fpn6qYTiGgUqL-WWM5vXotqNdB	video_2605_DOD_111719804_DOD_111719804.mp4	1Z8_NzOrfjXiQTsxkj0GEbUdr1SI5LjWM
1mvbUYDYC1mub6rcI5Yg3ek4hSQcbF-3A	video_2605_DOD_111721711_DOD_111721711.mp4	1Z8_NzOrfjXiQTsxkj0GEbUdr1SI5LjWM
12pfFMWq7h6DoZ8HZA46tY47xW1vTsknT	video_2605_DOD_111720696_DOD_111720696.mp4	1Z8_NzOrfjXiQTsxkj0GEbUdr1SI5LjWM
14UVepIwoK_8UKk_p1bbTMXQ6t8NU_Ge4	video_2605_DOD_111721693_DOD_111721693.mp4	1Z8_NzOrfjXiQTsxkj0GEbUdr1SI5LjWM
11yT3L_cZO70W8tdvUuXkgt04aHVmpP7B	video_2605_DOD_111719828_DOD_111719828.mp4	1Z8_NzOrfjXiQTsxkj0GEbUdr1SI5LjWM
1LRUXsvOgwaGfGdV9JisymIB7f41cPTH5	video_2605_DOD_111719715_DOD_111719715.mp4	1Z8_NzOrfjXiQTsxkj0GEbUdr1SI5LjWM
1_Cn37zPYTumCxSREvUE5KWePzvZsew49	video_2605_DOD_111719741_DOD_111719741.mp4	1Z8_NzOrfjXiQTsxkj0GEbUdr1SI5LjWM
1vcgVHLHQoXrA9cjZsrrtp23DfQ08AYO2	video_2605_DOD_111719847_DOD_111719847.mp4	1Z8_NzOrfjXiQTsxkj0GEbUdr1SI5LjWM
1Da6Mw06YmFhzFf_9za7d6pjbHZLC6bvt	video_2605_DOD_111719746_DOD_111719746.mp4	1Z8_NzOrfjXiQTsxkj0GEbUdr1SI5LjWM
1Z7HGlDLax2Z5HNt8pCOReQeFcKXJqpxw	video_2605_DOD_111719739_DOD_111719739.mp4	1Z8_NzOrfjXiQTsxkj0GEbUdr1SI5LjWM
1kWjy9U8lzxWJhUqnZLa0LvKmuu-GHDQg	video_2605_DOD_111719813_DOD_111719813.mp4	1Z8_NzOrfjXiQTsxkj0GEbUdr1SI5LjWM
19mAIjmLW8mzkd1-KivE7bvqOfbq8z4wf	video_2605_DOD_111719736_DOD_111719736.mp4	1Z8_NzOrfjXiQTsxkj0GEbUdr1SI5LjWM
1v_2s7naXuROlTDJwhRHwlmM0o1_t3mGV	video_2605_DOD_111720857_DOD_111720857.mp4	1Z8_NzOrfjXiQTsxkj0GEbUdr1SI5LjWM
17dl5Cv7UnpkON7tjvVQjzgjKwkCqKf55	video_2605_DOD_111721758_DOD_111721758.mp4	1Z8_NzOrfjXiQTsxkj0GEbUdr1SI5LjWM
1ksmKCZoWnl7h331l5rz2oHsQAXPXtyQN	video_2605_DOD_111720884_DOD_111720884.mp4	1Z8_NzOrfjXiQTsxkj0GEbUdr1SI5LjWM
1mDjBispSV5HHM7ztKvrLDoZAIDsOmvcG	video_2605_DOD_111719835_DOD_111719835.mp4	1Z8_NzOrfjXiQTsxkj0GEbUdr1SI5LjWM
1tIubdDwVBTmmCCuptJtAT6OM1kx5ftAD	video_2605_DOD_111720775_DOD_111720775.mp4	1Z8_NzOrfjXiQTsxkj0GEbUdr1SI5LjWM
1dKArTCYkkCsHjn0-L8q6Tk3BBke3sCSY	video_2605_DOD_111720830_DOD_111720830.mp4	1Z8_NzOrfjXiQTsxkj0GEbUdr1SI5LjWM
1NYOG8hQ_4doT-5Sxv7kkPRFNKksCkGyc	video_2605_DOD_111720886_DOD_111720886.mp4	1Z8_NzOrfjXiQTsxkj0GEbUdr1SI5LjWM
1HZfvXEIFBtZ11OTus79QTIE1t3LjxcAQ	video_2605_DOD_111720890_DOD_111720890.mp4	1Z8_NzOrfjXiQTsxkj0GEbUdr1SI5LjWM
18xZK--G1Ci0wdxsh4qEkhoQG9Obo5haA	video_2605_DOD_111719807_DOD_111719807.mp4	1Z8_NzOrfjXiQTsxkj0GEbUdr1SI5LjWM
1VPZ0vUDMWtNvkaKnmsTQhvd5i3KyZEDZ	video_2605_DOD_111719809_DOD_111719809.mp4	1Z8_NzOrfjXiQTsxkj0GEbUdr1SI5LjWM
1iWf3ySJVhxQXJnu66iCGXZUMtzAaa1hC	video_2605_DOD_111720899_DOD_111720899.mp4	1Z8_NzOrfjXiQTsxkj0GEbUdr1SI5LjWM
1KJiLQvQXkuJuGKF2dafnbggmyBm-5vcf	video_2605_DOD_111720843_DOD_111720843.mp4	1Z8_NzOrfjXiQTsxkj0GEbUdr1SI5LjWM
1s_FthPX_4NPZ0ps1Ic5h-lcBcudETaqE	video_2605_DOD_111720822_DOD_111720822.mp4	1Z8_NzOrfjXiQTsxkj0GEbUdr1SI5LjWM
1WbE-ZT96zce5QAKbu9mMyBlLsWgADQTP	video_2605_DOD_111719726_DOD_111719726.mp4	1Z8_NzOrfjXiQTsxkj0GEbUdr1SI5LjWM
186hBGOhGgeXq7cV4mV_nlVr7IfWqPtCP	video_2605_DOD_111719730_DOD_111719730.mp4	1Z8_NzOrfjXiQTsxkj0GEbUdr1SI5LjWM
11QcVeI6VmzzhpQjBvZnh0RQ0KO_6Xk2b	video_2605_DOD_111720856_DOD_111720856.mp4	1Z8_NzOrfjXiQTsxkj0GEbUdr1SI5LjWM
1J_Iqu-aziLafKaMyvfOlL6ew8BKk8qaQ	video_2605_DOD_111720883_DOD_111720883.mp4	1Z8_NzOrfjXiQTsxkj0GEbUdr1SI5LjWM
122x2Qo9VGFaiPsKjDR_Frl12NXtGr1Fk	video_2605_DOD_111720858_DOD_111720858.mp4	1Z8_NzOrfjXiQTsxkj0GEbUdr1SI5LjWM
1vxc66wqemPLHWXtFaBom93qYqAY_psJJ	video_2605_DOD_111720861_DOD_111720861.mp4	1Z8_NzOrfjXiQTsxkj0GEbUdr1SI5LjWM
1McZtjDXkqPHk_1HOffR-OxooAgvczE1s	video_2605_DOD_111720720_DOD_111720720.mp4	1Z8_NzOrfjXiQTsxkj0GEbUdr1SI5LjWM
10INvK6-2EnJyp8f9QlyKbOnKs1jf2wH3	video_2605_DOD_111719799_DOD_111719799.mp4	1Z8_NzOrfjXiQTsxkj0GEbUdr1SI5LjWM
1_uPlXQwEku8BHlbRW4FNrlbyKS9qtb0J	video_2605_DOD_111720693_DOD_111720693.mp4	1Z8_NzOrfjXiQTsxkj0GEbUdr1SI5LjWM
1ndFLeK3Dee2Bzt8YzYrA2ByLSc0F5pvm	video_2605_DOD_111721755_DOD_111721755.mp4	1Z8_NzOrfjXiQTsxkj0GEbUdr1SI5LjWM
15UAk6-lCdA0mXL-2mCiQqXTQNvP-mUsl	video_2605_DOD_111719752_DOD_111719752.mp4	1Z8_NzOrfjXiQTsxkj0GEbUdr1SI5LjWM
15C78pMvtGewapY1V4-fXV4gl7kdHBgvM	video_2605_DOD_111720809_DOD_111720809.mp4	1Z8_NzOrfjXiQTsxkj0GEbUdr1SI5LjWM
1e8Z40r9FouE_ceSp3aAeo8W5_IJqwg9p	video_2605_DOD_111720827_DOD_111720827.mp4	1Z8_NzOrfjXiQTsxkj0GEbUdr1SI5LjWM
1ZxiTS36j2d7_apySpveaIupV_UXMDetB	video_2605_DOD_111719732_DOD_111719732.mp4	1Z8_NzOrfjXiQTsxkj0GEbUdr1SI5LjWM
1VynZZN4ntRi72aAZcf9XRrOk2hBmFUBd	video_2605_DOD_111720698_DOD_111720698.mp4	1Z8_NzOrfjXiQTsxkj0GEbUdr1SI5LjWM
1v5vX8M_jOmX-p5iADxZe4Tjilvcr2vi6	video_2605_DOD_111720700_DOD_111720700.mp4	1Z8_NzOrfjXiQTsxkj0GEbUdr1SI5LjWM
1KKyYjDKOxH1WdBUaDzZbITWVD0_PUs-k	video_2605_DOD_111719795_DOD_111719795.mp4	1Z8_NzOrfjXiQTsxkj0GEbUdr1SI5LjWM
1hKUKq7HUfmuykZUiy-I7voHh1q0vnfIo	video_2605_DOD_111720731_DOD_111720731.mp4	1Z8_NzOrfjXiQTsxkj0GEbUdr1SI5LjWM
1yNDOdubp1wZp1umgRIocOCnmwp8h1nyt	video_2605_DOD_111720752_DOD_111720752.mp4	1Z8_NzOrfjXiQTsxkj0GEbUdr1SI5LjWM
1Ysn4BIezJWt4TECDHK0R4zDkYD7VGYTo	video_2605_DOD_111719852_DOD_111719852.mp4	1Z8_NzOrfjXiQTsxkj0GEbUdr1SI5LjWM
1KoVVTnxJh8ji1N5P0hwaCOs4Nb-_OeNd	video_2605_DOD_111719709_DOD_111719709.mp4	1Z8_NzOrfjXiQTsxkj0GEbUdr1SI5LjWM
1mWDaZshDwXVFKitpwWDC-Q6wXKAFX47A	video_2605_DOD_111719723_DOD_111719723.mp4	1Z8_NzOrfjXiQTsxkj0GEbUdr1SI5LjWM
17HHs78VXjpnkKxnwvH-XxSmIs-SEibTR	video_2605_DOD_111720765_DOD_111720765.mp4	1Z8_NzOrfjXiQTsxkj0GEbUdr1SI5LjWM
1i_X_KLkrI_2PM1Fqc_W6FcA53ayjdxDN	video_2605_DOD_111720692_DOD_111720692.mp4	1Z8_NzOrfjXiQTsxkj0GEbUdr1SI5LjWM
1utRZSnOYsDI9lmLkhjT6yZavs6D7B0KV	DOD_111764902-1920x1080-9000k.mp4	1Z8_NzOrfjXiQTsxkj0GEbUdr1SI5LjWM
1RGZVMjQI03LVa_E_VZ70eor85Iz569B5	DOD_111830063.mp4	1Z8_NzOrfjXiQTsxkj0GEbUdr1SI5LjWM
1S4Lf6fo9JgHLBjXPCV4EojKvylcHN-c0	DOD_111830085.mp4	1Z8_NzOrfjXiQTsxkj0GEbUdr1SI5LjWM
1PH9Jun91CeYSA-qXvy20UXTeG76z2pru	DOD_111830004.mp4	1Z8_NzOrfjXiQTsxkj0GEbUdr1SI5LjWM
15ZT-Cgv1JS8MvusExEwwQp_4ps6EhGlM	DOD_111830092.mp4	1Z8_NzOrfjXiQTsxkj0GEbUdr1SI5LjWM
1i5a0IWy-3FtDOva32bZt5KvmfPuEO4kP	DOD_111764148-1920x1080-9000k.mp4	1Z8_NzOrfjXiQTsxkj0GEbUdr1SI5LjWM
1SZZo2OJwO262p_BZm4rUxKA6wLyPt0mt	DOD_111830030.mp4	1Z8_NzOrfjXiQTsxkj0GEbUdr1SI5LjWM
1iMWSu8r86C1wJgDWZlucxTgR78KSdRx3	DOD_111830069.mp4	1Z8_NzOrfjXiQTsxkj0GEbUdr1SI5LjWM
1jVrkX82F2nuUu71fGoQvX8DjwSsoPb_R	DOD_111764159-1920x1080-9000k.mp4	1Z8_NzOrfjXiQTsxkj0GEbUdr1SI5LjWM
1Oum-eagpkSy0CSHlnM4tbdzzMOHJ5tH3	DOD_111887380.mp4	1Z8_NzOrfjXiQTsxkj0GEbUdr1SI5LjWM
18bCzFkI-l8QGTVBg9_vRPK3GO44E3Xq_	DOD_111887384.mp4	0ANXFJdIidbpBUk9PVA
1W1hODg5h7MN9_aSct8FJ4ujSRUtd0YaL	DOD_111830133.mp4	1Z8_NzOrfjXiQTsxkj0GEbUdr1SI5LjWM
1Be4iXk6KrhikNvrR7DYqly6E5EkfqBtI	DOD_111887460.mp4	1Z8_NzOrfjXiQTsxkj0GEbUdr1SI5LjWM
1XZCH43hLYqI8KbZrb1LSir0Mndl-eh0B	DOD_111887426.mp4	1Z8_NzOrfjXiQTsxkj0GEbUdr1SI5LjWM
1HWqEvqZGR48Nh0Zy5fyHXiU8nqBkj_VD	DOD_111887390.mp4	1Z8_NzOrfjXiQTsxkj0GEbUdr1SI5LjWM
1JOkQaXDXVurjVfBl9rRcj-ncE68IYMjs	DOD_111830007.mp4	1Z8_NzOrfjXiQTsxkj0GEbUdr1SI5LjWM
1sxKng5TWdXDFuGsckMKsniyvCdpHNhLb	DOD_111887456.mp4	1Z8_NzOrfjXiQTsxkj0GEbUdr1SI5LjWM
1tCA8i48nu0FjbNPIdMpOcEnBKLTijjWV	DOD_111830151.mp4	1Z8_NzOrfjXiQTsxkj0GEbUdr1SI5LjWM
1ekh31fRJ1PZHi6WiqPQadwxiPhIEb1ZS	DOD_111830201.mp4	1Z8_NzOrfjXiQTsxkj0GEbUdr1SI5LjWM
1080_QVvG4R5_CjrDwKneePIyO0EnJwRO	DOD_111830058.mp4	1Z8_NzOrfjXiQTsxkj0GEbUdr1SI5LjWM
1XFTp1U96IJVuD32H4_7numrGjZK_peIp	DOD_111830080.mp4	1Z8_NzOrfjXiQTsxkj0GEbUdr1SI5LjWM
1k2tvkWYvbO5wHPETdwu0mbald1en8urf	DOD_111830012.mp4	1Z8_NzOrfjXiQTsxkj0GEbUdr1SI5LjWM
19W4ZhiwGGQ-UpmaT1kZw9LJFiaqxUxaE	DOD_111830028.mp4	1Z8_NzOrfjXiQTsxkj0GEbUdr1SI5LjWM
1-pYTNu77DvH_wX6HQseBGUnDWmFF1dQf	DOD_111830015.mp4	1Z8_NzOrfjXiQTsxkj0GEbUdr1SI5LjWM
1JayC4_dsuKbqqrcnIGaETt9ziqDjF42H	DOD_111830147.mp4	1Z8_NzOrfjXiQTsxkj0GEbUdr1SI5LjWM
1SKstWeWAI3Utzf8U9r0pu3WxwRzYGGZ-	DOD_111830041.mp4	1Z8_NzOrfjXiQTsxkj0GEbUdr1SI5LjWM
154N9tlAmr7RRdaAjY17QkyF6Gdw7lzaZ	DOD_111830027.mp4	1Z8_NzOrfjXiQTsxkj0GEbUdr1SI5LjWM
1TIDTwUGci3B99xhz_rQsXFXNCMnWuBXj	DOD_111830075.mp4	1Z8_NzOrfjXiQTsxkj0GEbUdr1SI5LjWM
1DZ2f1Jbob7lBxsTB0gyp1aPnbFCn6BbV	DOD_111830143.mp4	1Z8_NzOrfjXiQTsxkj0GEbUdr1SI5LjWM
1l9Vqpbm_Oj1KazsdwjIqIn06d2cu5zoV	DOD_111830065.mp4	1Z8_NzOrfjXiQTsxkj0GEbUdr1SI5LjWM
1bTFcwOzeem-JcVd2NzaDZmzrWLcrAh4q	DOD_111830020.mp4	1Z8_NzOrfjXiQTsxkj0GEbUdr1SI5LjWM
1eES7oGVPR42KhdKz2FibWyre8rD75RaZ	DOD_111830034.mp4	1Z8_NzOrfjXiQTsxkj0GEbUdr1SI5LjWM
1tKeuVkd6wQWLDRYRyXCCGwjvgPUK_Mra	DOD_111887376.mp4	1Z8_NzOrfjXiQTsxkj0GEbUdr1SI5LjWM
1MlTQJ5yRR7-ourdkAHGWdW8oU29FCkbt	DOD_111887407.mp4	1Z8_NzOrfjXiQTsxkj0GEbUdr1SI5LjWM
1Jr9e7RbRj4YZrfSmnbSGBveX5X42lysu	DOD_111887439.mp4	1Z8_NzOrfjXiQTsxkj0GEbUdr1SI5LjWM
1Tds0grPe8LRH6p7_UzPrzPCIjLuxySqK	DOD_111887401.mp4	1Z8_NzOrfjXiQTsxkj0GEbUdr1SI5LjWM
1yoPiL1UmlQHfEY4VLMX_Q5XJh232HAX3	DOD_111887446.mp4	1Z8_NzOrfjXiQTsxkj0GEbUdr1SI5LjWM
1sbWZZQFz7XLAQkqwnpO2hwhtawgpL0Gr	DOD_111887413.mp4	1Z8_NzOrfjXiQTsxkj0GEbUdr1SI5LjWM
1kJDnZ_nH_gTHh_x8J9TIcHD2Y4Fp044Q	DOD_111887419.mp4	1Z8_NzOrfjXiQTsxkj0GEbUdr1SI5LjWM
1g-ElrRdXfFH3PA6TNES5y3hs967Pk3-B	DOD_111887427.mp4	1Z8_NzOrfjXiQTsxkj0GEbUdr1SI5LjWM
1lC4OWifYvEBtPOsugmJ_n-X7j5zxfQbk	DOD_111887421.mp4	1Z8_NzOrfjXiQTsxkj0GEbUdr1SI5LjWM
1GSMoDaDyvPtqTKMcUsNK5F63rUKbdU05	DOD_111887430.mp4	1Z8_NzOrfjXiQTsxkj0GEbUdr1SI5LjWM
1FNKLlJr5-CK-IPgO7RGXuY8J3eAEMW2o	DOD_111764142-1920x1080-9000k.mp4	1Z8_NzOrfjXiQTsxkj0GEbUdr1SI5LjWM
1QUBBQawQhqBvkYIunyOsTEY6DVyOjX-5	DOD_111764959-1920x1080-9000k.mp4	1Z8_NzOrfjXiQTsxkj0GEbUdr1SI5LjWM
1bOVMJNHdzRP7H94P7eZKwIyFBq88XbEy	DOD_111764177-1920x1080-9000k.mp4	1Z8_NzOrfjXiQTsxkj0GEbUdr1SI5LjWM
1v9jI0hFUO7c5qzzPeY2hfLo9tZuGbWMO	DOD_111764189-1920x1080-9000k.mp4	1Z8_NzOrfjXiQTsxkj0GEbUdr1SI5LjWM
1e5VOdQ8FJc_kq65XyhFgH8RKyVbp2Iaf	DOD_111764213-1920x1080-9000k.mp4	1Z8_NzOrfjXiQTsxkj0GEbUdr1SI5LjWM
