release_id,source_file,title_meta,subject_meta,author_meta,producer,pdf_created,pdf_modified,pages,file_bytes,sha256,pages_no_text_layer,mean_ocr_quality,segments,release_stamps,doc_id_stamps,source_url,mirror_url,working_url
DOW-UAP-D092,DOW-UAP-D092_DAF-Committee-to-Review-Project-Bluebook_1966-1967.pdf,DOW-UAP-D092,DAF Committee to Review Project Bluebook 1966-1967,Department of War,Adobe Acrobat (32-bit) 26 Paper Capture Plug-in,Thu Jul  2 13:05:02 2026 UTC,Wed Jul  8 13:13:57 2026 UTC,85,24142323,9c774fcb34ca56cf1b8da8bfe0413f42c6014c096215966c0fd919be5d77ec52,20,0.769,14,NW 90306;NW90306,34714841;34714;347148;341;347;3471,,,
FBI-UAP-D041,FBI-UAP-D041_Digital-Rendering-1_Multiple-Red-Lights_2026.pdf,FBI-UAP-D041,FBI-UAP-D041 Digital Rendering 1 Multiple Red Lights 2026,FBI,,Fri Jul 31 21:40:53 2026 UTC,Wed Aug  5 16:26:00 2026 UTC,6,652906,7416fff9cc1cb0e19e5d1f5b6efc2b031ea986403a049e3d6fa38d7965fa79e9,6,0.0,1,,,,,
CIA-UAP-D022,CIA-UAP-D022_Unidentified-Flying-Object-Reported-near-Puerto-Rico_1965.pdf,CIA-UAP-D022,CIA-UAP-D022 Unidentified Flying Object Reported near Puerto Rico 1965,CIA,Adobe Acrobat (32-bit) 26 Paper Capture Plug-in,Wed Apr  9 11:35:50 1997 UTC,Wed Aug  5 16:16:37 2026 UTC,6,639051,358b0d2e45ff0320f4e4ad689f0c918362d6c5d36be765d386018d279d835b01,0,0.954,2,,,,,
FBI-UAP-D032,FBI-UAP-D032_FD-302_Slow-moving-Objects_2026.pdf,FBI-UAP-D032,FBI-UAP-D032 FD-302 Slow moving Objects 2026,FBI,Adobe Acrobat (32-bit) 26 Paper Capture Plug-in,Fri Jul 31 21:12:07 2026 UTC,Wed Aug  5 16:24:07 2026 UTC,2,1270489,04684f8e8e0d9292e273b8e3152be6a22e195ce25f9c4a92b21c25b1813bd1e1,0,0.998,1,,,,,
DOW-UAP-D097,DOW-UAP-D097_Project-Sign-Progress-Report_1948.pdf,DOW-UAP-D097,Project Sign Progress Report 1948,Department of War,Adobe Acrobat (32-bit) 26 Paper Capture Plug-in,Thu Jul  2 13:09:29 2026 UTC,Wed Jul  8 13:06:39 2026 UTC,45,10240953,4e191615a53faf81a49721ec594aee5f8c909026348a830025329d847a857e60,4,0.956,1,,,,,
FBI-UAP-D014,FBI-UAP-D014_Correspondence-Relating-to-UFO-Sightings_1967_1974.pdf,FBI-UAP-D014,Correspondence Relating to UFO Sightings 1967-1974,FBI,Adobe Acrobat (32-bit) 26 Paper Capture Plug-in,Thu Jul  2 12:27:27 2026 UTC,Wed Jul  8 13:15:39 2026 UTC,5,339618,e91344aaa3cae8760bb695db30416048d94d333d3cf8e616dfd878ef60731379,0,0.923,2,,,,,
CIA-UAP-D020,CIA-UAP-D020_Memorandum-on-Unconventional-Aircraft-Sightings_1955.pdf,CIA-UAP-D020,Memorandum on Unconventional AIrcraft Sightings 1955,CIA,Adobe Acrobat (32-bit) 26 Paper Capture Plug-in,Wed Apr  9 11:35:50 1997 UTC,Thu Jul  9 15:52:16 2026 UTC,3,368172,973be877f06b55373da6c7a1022ca25345fdeb7864414fe4ae29d83ef963b7e9,0,0.92,1,,,,,
DOW-UAP-D090,DOW-UAP-D090_Range-Fouler-Debrief_Eastern-US_2019.pdf,DOW-UAP-D090,Range Fouler Reporting Form,Department of War,Adobe Acrobat (32-bit) 26 Paper Capture Plug-in,Mon Jun 22 15:25:50 2026 UTC,Wed Jul  8 13:02:59 2026 UTC,2,1449537,1bd82107a638e44f4f6011aaf6fb323bcdd36334a59980a5c19a5aad9ff69b52,0,0.997,1,,,,,
DOW-UAP-D096,DOW-UAP-D096_Correspondence-Relating-to-Project-Blue-Book_1955.pdf,DOW-UAP-D096,Correspondence Relating to Project Blue Book 1955,Department of War,Adobe Acrobat (32-bit) 26 Paper Capture Plug-in,Thu Jul  2 12:56:56 2026 UTC,Wed Jul  8 13:08:53 2026 UTC,220,126111298,2c64dc1cd88ac9717cad81ecee9518af9310bebf5fc51596b85737374e2bf4cf,175,0.224,7,NW 91198;NW 91193,347,,,
DOW-UAP-D094,DOW-UAP-D094_Analysis-of-Flying-Object-Incidents-in-the-US_1949.pdf,DOW-UAP-D094,Analysis of Flying Object Incidents in the US 1949,Department of War,Adobe Acrobat (32-bit) 26 Paper Capture Plug-in,Thu Jul  2 12:34:53 2026 UTC,Wed Jul  8 13:11:56 2026 UTC,34,15099002,59a30983288868000d7c82bf863a2af475834ad14b984fbe9e4b8bd521aaa1cb,9,0.775,2,,,,,
DOE-UAP-D004,DOE-UAP-D004_Los-Alamos-Conference-on-Aerial-Phenomena_1949.pdf,DOE-UAP-D004,Los Alamos Conference on Aerial Phenomena 1949,Department of Energy,Adobe Acrobat (32-bit) 26 Paper Capture Plug-in,Thu Jul  2 13:12:53 2026 UTC,Wed Jul  8 12:59:32 2026 UTC,25,5192634,64f70db72f3747cfdc512f78f16b0ac33a0876b39dbf7dddf07ab870ba1b1a47,0,0.979,1,,,,,
CIA-UAP-D021,CIA-UAP-D021_Analysis-of-Unconventional-Aircraft-Sightings_1955.pdf,CIA-UAP-D021,Analysis of Unconventional Aircraft Sightings 1955,CIA,Adobe Acrobat (32-bit) 26 Paper Capture Plug-in,Wed Apr  9 11:35:50 1997 UTC,Thu Jul  9 15:49:51 2026 UTC,4,414564,e2640e79f3733d5ed3e8aebd510f130f5601555f306eefee5e1c08a24d002ad0,1,0.924,1,,,,,
DOW-UAP-D091,DOW-UAP-D091_Range-Fouler-Debrief_Atlantic-Ocean_2020.pdf,DOW-UAP-D091,Range Fouler Debrief Form,Department of War,Adobe Acrobat (32-bit) 26 Paper Capture Plug-in,Mon Jun 22 16:07:46 2026 UTC,Wed Jul  8 13:03:29 2026 UTC,2,1761587,d13ab718a436af2d13d1e3060e49239528b174829ba4ea89003f27da3ea3d7be,0,0.989,1,,,,,
DOW-UAP-D093,DOW-UAP-D093_Analysis-of-Flying-Object-Incidents-in-the-US_1948.pdf,DOW-UAP-D093,Analysis of Flying Object Incidents in the US 1948,Department of War,Adobe Acrobat (32-bit) 26 Paper Capture Plug-in,Thu Jul  2 12:31:18 2026 UTC,Wed Jul  8 13:13:00 2026 UTC,67,13574715,6a94a4548eac7933948fad4706e161c6a251bf5eaa9d05d70981b40cb1e80745,28,0.752,1,NW 91410,,,,
DOW-UAP-D095,DOW-UAP-D095_Joint-US-Canadian-Aviation-Projects-and-UFO-Sighting-Reports_1954-1955.pdf,DOW-UAP-D095,Joint US Canadian Aviation Projects and UFO Sighting Reports 1954-1955,Department of War,Adobe Acrobat (32-bit) 26 Paper Capture Plug-in,Thu Jul  2 12:39:43 2026 UTC,Wed Jul  8 13:09:55 2026 UTC,57,32221008,9c7629703ed55608b29000e490ac91be260e6088587f9048d7412593233878f9,44,0.235,5,,,,,
DOE-UAP-D005,DOE-UAP-D005_Pantex-Unidentified-Object-Incident-Report_2015.pdf,DOE_UAP_D005,Pantex Unidentified Object Incident Report 2015,Department of Energy,Adobe Acrobat (32-bit) 26 Paper Capture Plug-in,Tue Jun 30 15:15:20 2026 UTC,Wed Jul  8 15:28:30 2026 UTC,7,1244028,249cd9f5b85c4a92dc819d65e1dad180744479d1c8a68ebbc202ade66facbcbb,0,0.977,1,,,,,
DOW-UAP-D089,DOW-UAP-D089_Range-Fouler-Debrief_Eastern-US_2020.pdf,DOW-UAP-D089,Range Fouler Debrief Form,Department of War,Adobe Acrobat (32-bit) 26 Paper Capture Plug-in,Mon Jun 22 13:48:39 2026 UTC,Wed Jul  8 13:01:49 2026 UTC,2,1931453,3ad2058e00a44e2bb5453648be0eac0dd1a2ff40deeeb2707a19cc59b11ee685,0,0.99,1,,,,,
FBI-UAP-D038,FBI-UAP-D038_Digital-Rendering-1_Multiple-Red-Lights_2026.pdf,FBI-UAP-D038,FBI-UAP-D038 Digital Rendering 1 Multiple Red Lights 2026,FBI,Adobe Acrobat (32-bit) 26 Paper Capture Plug-in,Fri Jul 31 21:33:19 2026 UTC,Wed Aug  5 16:25:25 2026 UTC,1,119935,53e69e5d6dbe46fc435574c3f0246fcdfbbd537928a8a6c46c3f35752f68133e,1,0.0,1,,,,,
FBI-UAP-D033,FBI-UAP-D033_FD-302_Thermally-Elevated-Aerial-Object_2026.pdf,FBI-UAP-D033,FBI-UAP-D033 Thermally Elevated Aerial Object 2026,FBI,Adobe Acrobat (32-bit) 26 Paper Capture Plug-in,Fri Jul 31 21:15:23 2026 UTC,Wed Aug  5 16:24:23 2026 UTC,2,255185,bea21a52d0bfcf82ca2845628f39aeaaeccb447a924babfd448ab89a57f5eb02,0,0.961,1,,,,,
DOS-UAP-D002,DOS-UAP-D002_Diplomatic-Cable_Brazil_November-20-1963.pdf,DOS-UAP-D002,"DOS-UAP-D002 Diplomatic Cable Brazil November 20, 1963",Department of State,Adobe Acrobat (32-bit) 26 Paper Capture Plug-in,Fri Jul 31 21:47:09 2026 UTC,Wed Aug  5 16:35:42 2026 UTC,2,1010496,3c9e5cf5f15c62e89826b482af3820ebe9914f9d3442f0d652f2ff1019c8f4c4,1,0.992,1,,,,,
DOW-UAP-D098,DOW-UAP-D098_Film-Analysis-of-Unidentified-Objects_1953.pdf,DOW-UAP-D098,DOW-UAP-D098 Film Analysis of Unidentified Objects 1953,DOW,Adobe Acrobat (32-bit) 26 Paper Capture Plug-in,Tue Jul 28 20:17:15 2026 UTC,Wed Aug  5 16:27:26 2026 UTC,23,65760070,a8f271bb7bae396631eb3e35070fab285eb0d3258041b042b1a5a6b3e0d9c4f1,5,0.737,1,,,,,
DOS-UAP-D001,DOS-UAP-D001_Diplomatic-Cable_Brazil_November-14-1963.pdf,DOS-UAP-D001,"DOS-UAP-D001 Diplomatic Cable Brazil November 14, 1963",Department of State,Adobe Acrobat (32-bit) 26 Paper Capture Plug-in,Fri Jul 31 21:45:39 2026 UTC,Wed Aug  5 16:26:50 2026 UTC,1,848958,1259083d422e420b63cfe864fa75abd6c883193d12d605ac1880d2093d8d7335,0,0.962,1,,,,,
FBI-UAP-D028,FBI-UAP-D028_FD-302_Dark-Triangle-with-Lights_2011.pdf,FBI-UAP-D028,FBI-UAP-D028 FD-302 Dark Triangle with Lights 2011,FBI,Adobe Acrobat (32-bit) 26 Paper Capture Plug-in,Fri Jul 31 21:06:27 2026 UTC,Wed Aug  5 16:23:32 2026 UTC,3,1330526,6a1c229de51ed47cff5de843b0cc4592e1ff691f1ed20254ada15d267e0942bb,0,0.915,1,,,,,
DOW-UAP-D101,DOW-UAP-D101_IIR_Unresolved-UAP-Report-Gulf-of-Oman_2021.pdf,DOW-UAP-D101,DOW-UAP-D101 IIR Unresolved UAP Report Gulf of Oman 2021,DOW,Adobe Acrobat (32-bit) 26 Paper Capture Plug-in,Wed Jul  8 18:30:30 2026 UTC,Wed Aug  5 16:21:47 2026 UTC,7,6207177,926f4cf9a852d77bca34e8e7370c4a9da386610a6ba799e060de71c2339b0e92,0,0.979,2,,,,,
FBI-UAP-D027,FBI-UAP-D027_Digital-Rendering_Dark-Translucent-Triangle_2023.pdf,FBI-UAP-D027,FBI-UAP-D027 Digital Rendering Dark Translucent Triangle 2023,FBI,Adobe Acrobat (32-bit) 26 Paper Capture Plug-in,Tue Jul 21 16:26:30 2026 UTC,Wed Aug  5 16:23:23 2026 UTC,5,774734,207f31090a4f187a365c552d45b1e0f3eb2aa47541dd9a8b0d1f7b5769c5d0ab,5,0.0,1,,,,,
FBI-UAP-D026,FBI-UAP-D026_FD-302_Dark-Translucent-Triangle_2023.pdf,FBI-UAP-D026,FBI-UAP-D026 FD-302 Dark Translucent Triangle 2023,FBI,Adobe Acrobat (32-bit) 26 Paper Capture Plug-in,Fri Jul 31 20:56:26 2026 UTC,Wed Aug  5 16:23:07 2026 UTC,3,522591,a6eb053699dcf7c2fdfe2d37bd4be8ef980c58e3f5595c7bee41ab1f7450bfe0,0,0.988,1,,,,,
EOP-UAP-D001,EOP-UAP-D001_NASC-Inquiry-into-Bahia-Brazil-Incident_November-13-1963.pdf,EOP-UAP-D001,"EOP-UAP-D001 NASC Inquiry into Bahia Brazil Incident November 13, 1963",EOP,Adobe Acrobat (32-bit) 26 Paper Capture Plug-in,Tue Aug  4 11:43:01 2026 UTC,Wed Aug  5 16:35:13 2026 UTC,1,126624,63654bcd90c0515f30e31ed511a12a05f170ff4470e3d8a6f40fca12012a1adb,0,0.998,1,,,,,
DOW-UAP-D100,DOW-UAP-D100_Air-Materiel-Command-Report-on-UFOs_1947-1948.pdf,DOW-UAP-D100,DOW-UAP-D100 Air Material Command Report on UFOs 1947-1948,DOW,Adobe Acrobat (32-bit) 26 Paper Capture Plug-in,Tue Aug  4 11:42:24 2026 UTC,Wed Aug  5 16:28:16 2026 UTC,245,40873795,4052303ee0d521c15656b65fed3075734c83332ec5db319c744f0dbe53b8ec90,6,0.91,26,,,,,
DOW-UAP-D099,DOW-UAP-D099_Intelligence-Review-of-Ghost-Rocket-Incidents_1947.pdf,DOW-UAP-D099,DOW-UAP-D099 Intelligence Review of Ghost Rocket Incidents 1947,DOW,Adobe Acrobat (32-bit) 26 Paper Capture Plug-in,Tue Aug  4 11:42:04 2026 UTC,Wed Aug  5 16:28:00 2026 UTC,8,1165464,59bdcb1406b50d7dab7f13dbce940eb247a0724c744100d34f9a53ea3209e2f4,1,0.958,1,,,,,
FBI-UAP-D039,FBI-UAP-D039_Digital-Rendering-2_Multiple-Red-Lights_2026.pdf,FBI-UAP-D039,FBI-UAP-D039 Digital Rendering 2 Multiple Red Lights 2026,FBI,Adobe Acrobat (32-bit) 26 Paper Capture Plug-in,Fri Jul 31 21:36:33 2026 UTC,Wed Aug  5 16:25:35 2026 UTC,3,631040,491d158803934b9c4e5de46ee51388cd9eff8a8aba2cf17dfcc9d957a8952ebd,3,0.0,1,,,,,
FBI-UAP-D042,FBI-UAP-D042_Digital-Rendering-2_Multiple-Red-Lights_2026.pdf,FBI-UAP-D042,FBI-UAP-D042 Digital Rendering 2 Multiple Red Lights 2026,FBI,Adobe Acrobat (32-bit) 26 Paper Capture Plug-in,Fri Jul 31 21:42:26 2026 UTC,Wed Aug  5 16:26:08 2026 UTC,1,134379,8ccb25fd8f47cdec75cc384bcf7db137c842931428472664fecfd04db69f6a2f,1,0.0,1,,,,,
FBI-UAP-D024,FBI-UAP-D024_FD-302_Airborne-Lights-and-Triangle_2002_2023-2024.pdf,FBI-UAP-D024,"FBI-UAP-D024 FD-302 Airborne Lights and Triangle 2022, 2023, 2024",FBI,Adobe Acrobat (32-bit) 26 Paper Capture Plug-in,Fri Jul 31 20:39:46 2026 UTC,Wed Aug  5 16:22:58 2026 UTC,3,1608243,949c9dc80fb247c6ea12d6750cebe629f00c37930f9572a9d0ef43365d5d4489,0,0.993,1,,,,,
FBI-UAP-D037,FBI-UAP-D037_FD-302_Multiple-Red-Lights_2026.pdf,FBI-UAP-D037,FBI-UAP-D037 FD-302 Multiple Red Lights 2026,FBI,Adobe Acrobat (32-bit) 26 Paper Capture Plug-in,Fri Jul 31 21:29:20 2026 UTC,Wed Aug  5 16:25:04 2026 UTC,3,583708,df8741ec7bee9778646142e3c2c55c050e3c58d067fa1049683ccd1126f0110a,0,0.993,1,,,,,
FBI-UAP-D040,FBI-UAP-D040_FD-302_Multiple-Red-Lights_2026.pdf,FBI-UAP-D040,FBI-UAP-D040 FD-302 Multiple Red Lights 2026,FBI,Adobe Acrobat (32-bit) 26 Paper Capture Plug-in,Fri Jul 31 21:37:45 2026 UTC,Wed Aug  5 16:25:51 2026 UTC,2,1870080,978ac7226c7ec06f4561c3986732183e3bf2aa4f07c03430daa9111a20eec77e,1,0.494,1,,,,,
CIA-UAP-D023,CIA-UAP-D023_Briefing-Notes-for-Mr-Walter-Elder.pdf,CIA-UAP-D023,CIA-UAP-D023 Briefing notes or Mr. Walter Elder,CIA,Adobe Acrobat (32-bit) 26 Paper Capture Plug-in,Wed Apr  9 11:35:50 1997 UTC,Wed Aug  5 16:16:27 2026 UTC,2,205058,aba51f51191bbcd37dc1f591171b6edc78c9bfb9632cfed8fae6a8bf1d61ca40,0,0.968,1,,,,,
FBI-UAP-D030,FBI-UAP-D030_FD-302_Large-Triangle-with-Red-Lights_2023.pdf,FBI-UAP-D030,FBI-UAP-D030 FD-302 Large Triangle with Red Lights 2023,FBI,Adobe Acrobat (32-bit) 26 Paper Capture Plug-in,Fri Jul 31 21:08:05 2026 UTC,Wed Aug  5 16:23:56 2026 UTC,3,456735,1ac0068c5a4f77c1bb2029971fc5e768d84ea921e3ac3122701746e548b12f06,0,0.942,1,,,,,
CIA-UAP-D001,CIA-UAP-D001_Intelligence_Information_Report_USSR_1973.pdf,CIA-UAP-D001,CIA-UAP-D001,,Adobe Acrobat (32-bit) 26 Paper Capture Plug-in,Wed May 13 18:40:04 2026 UTC,Wed May 20 20:31:57 2026 UTC,3,154038,d3039ed486d8400be3263c0c438b199abfdb8ac030156baff1536f007349d315,0,0.968,1,,,,,
DOE-UAP-D002,DOE-UAP-D002_JamesTuck_Correspondence.pdf,DOE-UAP-D002 James Tuck Correspondence,DOE-UAP-D002 James Tuck Correspondence,,Adobe Acrobat (32-bit) 26 Paper Capture Plug-in,Thu May 21 14:44:03 2026 UTC,Thu May 21 15:17:43 2026 UTC,4,554461,324a9795356cc793ede04a2494fa2eb18be10847baa490f605a22572c75f51ec,2,0.718,1,,,,,
DOW-UAP-D017,DOW-UAP-D017_General_Correspondence_Of_Sandia.pdf,374_141326_General_Correspondence_of_Sandia_Base_Folder_333,374_141326_General_Correspondence_of_Sandia_Base_Folder_333,,Adobe Acrobat (32-bit) 26 Paper Capture Plug-in,Wed May 20 12:53:16 2026 UTC,Wed May 20 12:53:16 2026 UTC,116,68764801,ec72132902a2f50d2ab032031386710fef1d1ae1face0226a90243f61d9347b4,16,0.886,8,NW 91526,,,,
DOE-UAP-D001,DOE-UAP-D001_PANTEX_Image.pdf,DOE-UAP-D001 PANTEX,DOE-UAP-D001 PANTEX,,Adobe Acrobat (32-bit) 26 Paper Capture Plug-in,Thu May 21 14:21:22 2026 UTC,Thu May 21 15:18:01 2026 UTC,2,164108,4c007724fa7325d211123c153e1ed3eb989635302a6d2cd8757319d7f69358de,0,0.901,1,,,,,
DOE-UAP-D003,DOE-UAP-D003_Pajarito_Astronomers.pdf,DOE-UAP-D003,DOE-UAP-D003,,,Fri May 15 18:00:37 2026 UTC,Thu May 21 14:39:44 2026 UTC,1,360462,89ecb1163e42d3e8a215033b88e87ae3befe82a8dad1db112fae7e760bb756f4,0,0.969,1,,,,,
ODNI-UAP-D001,ODNI-UAP-D001_USPER_Narrative_Senior_USIC.pdf,ODNI-UAP-D001,ODNI-UAP-D001,,Adobe PDF Library 26.1.183,Tue May 26 16:12:26 2026 UTC,Tue May 26 17:08:37 2026 UTC,2,58516,bef126d8702b94e760041d065bf4d6611443815a0e1ea671809bfd64319dbffb,0,0.996,1,,,,,
Serial-3,Serial-3_Redacted.pdf,Serial-3,Serial-3,,Adobe Acrobat (32-bit) 26 Paper Capture Plug-in,Wed May 13 17:54:59 2026 UTC,Wed May 13 17:57:50 2026 UTC,2,468817,abe02815d6331854374cee46db6b1f948f83d9115d2121ac86f5836fef1b65a0,0,0.97,1,,,,,
Serial-4,Serial-4_Redacted-Redacted.pdf,,,,,,,2,237155,29ed0fb7cbe0be3c23965212bb83c58d3890a0de9253938ee4e9c9bb2349d5fe,1,0.5,1,,,,,
Serial-5,Serial-5_Redacted-Redacted.pdf,,,,,,,2,227126,c38d267441b19350df557d9f3bfbd689fb5ba0619366373a7b9e6f8dce84bb8c,1,0.5,1,,,,,
Western-US-Event-Slides,Western-US-Event-Slides_5-08-2026.pdf,Western US Event,Western US Event,,Microsoft® PowerPoint® for Microsoft 365,Fri May  8 10:46:59 2026 UTC,Wed May 13 18:01:58 2026 UTC,4,63768,8565c159b82f50a6e9038987f0b71541aa38f07737a91b08af1a5cf224b6a2f3,0,0.981,1,,,,,
USPER-Statement,USPER-Statement_Redacted.pdf,USPER Statement,USPER Statement,,Adobe Acrobat (32-bit) 26 Paper Capture Plug-in,Thu May  7 13:22:49 2026 UTC,Wed May 13 18:00:03 2026 UTC,3,786861,60c1239f7a6bad9655cb66e7b3a82c7e582762f8b4248bc1b614cca9a82d6e37,0,0.972,1,,,,,
DOW-UAP-D56-Range-Fouler-Debrief-Arabian-Sea-August-2020.pdf,DOW-UAP-D56-Range-Fouler-Debrief-Arabian-Sea-August-2020.pdf,DoW-UAP-D33,DoW-UAP-D33,,Adobe Acrobat (32-bit) 26 Paper Capture Plug-in,Thu Apr  2 12:36:31 2026 UTC,Thu May  7 00:35:45 2026 UTC,1,1849972,9127fb5a81efacf030df4dc6290d02bcdf4c8512cf1809b6eccfe6cf16a77f31,0,0.984,1,,,,,
DOW-UAP-D57-Mission-Report-Gulf-of-Aden-September-2020.pdf,DOW-UAP-D57-Mission-Report-Gulf-of-Aden-September-2020.pdf,DoW-UAP-D34,DoW-UAP-D34,,Adobe Acrobat (32-bit) 26 Paper Capture Plug-in,Tue Mar 17 11:58:47 2026 UTC,Thu May  7 00:36:00 2026 UTC,1,295447,2565433b0ac938d6123c611be75b30ec6cf99c192e71dbf4ef53c40a6852ca00,0,0.984,1,,,,,
DOW-UAP-D58-Range-Fouler-Debrief-NA-October-2020.pdf,DOW-UAP-D58-Range-Fouler-Debrief-NA-October-2020.pdf,DoW-UAP-D35,DoW-UAP-D35,,Adobe Acrobat (32-bit) 26 Paper Capture Plug-in,Thu Apr  2 12:41:00 2026 UTC,Thu May  7 00:36:18 2026 UTC,1,301419,c2bd370cdadc2f17649830713d55731aa22ceb76940fd64ae7ffc86fc0559261,0,0.975,1,,,,,
DOW-UAP-D60-Mission-Report-Persian-Gulf-August-2020.pdf,DOW-UAP-D60-Mission-Report-Persian-Gulf-August-2020.pdf,DoW-UAP-D36,DoW-UAP-D36,,,Wed May  6 23:21:57 2026 UTC,Thu May  7 00:36:39 2026 UTC,6,2412310,39126406547c89dbc81112c5638612858fcfe7e38179dd89e6d725dc6cee13b1,6,0.0,1,,,,,
DOW-UAP-D61-Mission-Report-Persian-Gulf-August-2020.pdf,DOW-UAP-D61-Mission-Report-Persian-Gulf-August-2020.pdf,DoW-UAP-D37,DoW-UAP-D37,,Adobe Acrobat (32-bit) 26 Paper Capture Plug-in,Tue May  5 15:30:35 2026 UTC,Thu May  7 00:37:00 2026 UTC,7,877324,4ce20fc566edf4a3dcb8a8abd7a5dcd91046069f9e35f83912ad757c8c8be1b9,0,0.96,1,,,,,
DOW-UAP-D62-Mission-Report-Strait-of-Hormuz-September-2020.pdf,DOW-UAP-D62-Mission-Report-Strait-of-Hormuz-September-2020.pdf,DoW-UAP-D38,DoW-UAP-D38,,Adobe Acrobat (32-bit) 26 Paper Capture Plug-in,Wed May  6 17:49:40 2026 UTC,Thu May  7 00:37:22 2026 UTC,9,1045437,36708d3c6121b00c55394ac4a648fbcbe5411c8b2c00ea8f42f9ca0e502c6b13,0,0.953,1,,,,,
DOW-UAP-D63-Mission-Report-Strait-of-Hormuz-October-2020.pdf,DOW-UAP-D63-Mission-Report-Strait-of-Hormuz-October-2020.pdf,DoW-UAP-D39,DoW-UAP-D39,,,Wed May  6 23:23:22 2026 UTC,Thu May  7 00:37:35 2026 UTC,8,3311583,ad3b37eb9fbd20e6dc75152e486514e58ff8a1edde3d32615887ea0d19727884,8,0.0,1,,,,,
DOW-UAP-D64-Mission-Report-Iran-November-2020.pdf,DOW-UAP-D64-Mission-Report-Iran-November-2020.pdf,DoW-UAP-D40,DoW-UAP-D40,,Adobe Acrobat (32-bit) 26 Paper Capture Plug-in,Wed May  6 22:56:29 2026 UTC,Thu May  7 00:37:56 2026 UTC,7,860506,8422fceb10b2eafcab525690cc9aff6827fc78d5ae5e34b44174d9cc78abbb7c,0,0.951,1,,,,,
DOW-UAP-D65-Mission-Report-Persian-Gulf-July-2020.pdf,DOW-UAP-D65-Mission-Report-Persian-Gulf-July-2020.pdf,DoW-UAP-D41,DoW-UAP-D41,,,Wed May  6 23:23:56 2026 UTC,Thu May  7 00:38:16 2026 UTC,8,3043075,bfbc281190a14c522d854c0cf2699f82de419e8f8a455949871ccdc9175bf423,8,0.0,1,,,,,
DOW-UAP-D74-Mission-Report-Syria-November-2023.pdf,DOW-UAP-D74-Mission-Report-Syria-November-2023.pdf,DoW-UAP-D42,DoW-UAP-D42,,,Fri May 16 16:12:17 2025 UTC,Thu May  7 00:38:32 2026 UTC,10,719044,30708df4aa8484c668d3c3694560f5b57d5a10b6b3da1cfb826a925d9cc806e1,0,0.979,1,,,,,
DOW-UAP-D75-Mission-Report-Gulf-of-Aden-July-2024.pdf,DOW-UAP-D75-Mission-Report-Gulf-of-Aden-July-2024.pdf,DoW-UAP-D43,DoW-UAP-D43,,Adobe Acrobat (32-bit) 26 Paper Capture Plug-in,Fri May 16 16:10:15 2025 UTC,Thu May  7 00:38:54 2026 UTC,8,792150,672b79390fe6595828c71e1f3df8cb0a2290f0658c36ed724e17ea167233b771,0,0.974,1,,,,,
DOW-UAP-PR20.pdf,DOW-UAP-PR20.pdf,DOW-UAP-PR20,DOW-UAP-PR20,,Adobe Acrobat (32-bit) 26 Paper Capture Plug-in,Fri Oct 17 18:59:53 2025 UTC,Wed May 13 18:34:22 2026 UTC,1,2297146,d6614ddb85556a5ad5476be15798b97f16fc3396e42ceffd993548d1e3201389,0,1.0,1,,,,,
FBI-Photo-B1.pdf,FBI-Photo-B1.pdf,FBI Photo B1,FBI Photo B1,,Adobe Acrobat (32-bit) 26 Paper Capture Plug-in,Thu May  7 15:13:59 2026 UTC,Wed May 13 16:48:45 2026 UTC,1,126599,6a456b9add3f4f6d87e39fa26698261bd86c654fd9d812d3a6cbd869d2b4de85,1,0.0,1,,,,,
FBI-Photo-B10.pdf,FBI-Photo-B10.pdf,B10 FBI Photo,B10 FBI Photo,,Adobe Acrobat (32-bit) 26 Paper Capture Plug-in,Thu May  7 15:27:58 2026 UTC,Wed May 13 16:55:05 2026 UTC,1,126186,8195bb3076df73633e568307823bd2ff2ab53c50e8a427122e41db0c26e0cf53,1,0.0,1,,,,,
FBI-Photo-B11.pdf,FBI-Photo-B11.pdf,B11 FBI Photo,B11 FBI Photo,,Adobe Acrobat (32-bit) 26 Paper Capture Plug-in,Thu May  7 15:30:09 2026 UTC,Wed May 13 16:58:14 2026 UTC,1,120485,aad2a8d88ab6e1dae78467b1b8d4226424ecf19ec3f67eb9e9fc56a0dd38bda9,1,0.0,1,,,,,
FBI-Photo-B12.pdf,FBI-Photo-B12.pdf,B12 FBI Photo,B12 FBI Photo,,Adobe Acrobat (32-bit) 26 Paper Capture Plug-in,Thu May  7 15:32:03 2026 UTC,Wed May 13 16:59:51 2026 UTC,1,120747,1c4afdbae5c62023ed0c3cdf1272d864d851b5e178a2565ec8b744927c58c7ac,1,0.0,1,,,,,
FBI-Photo-B13.pdf,FBI-Photo-B13.pdf,B13 FBI Photo,B13 FBI Photo,,Adobe Acrobat (32-bit) 26 Paper Capture Plug-in,Thu May  7 15:32:55 2026 UTC,Wed May 13 17:16:46 2026 UTC,1,66245,259b451d1355deb3c7f63a640641231859fe482ee7929b243727adf78716b64d,1,0.938,1,,,,,
FBI-Photo-B14.pdf,FBI-Photo-B14.pdf,B14 FBI Photo,B14 FBI Photo,,Adobe Acrobat (32-bit) 26 Paper Capture Plug-in,Thu May  7 15:36:21 2026 UTC,Wed May 13 17:18:47 2026 UTC,1,74014,31c9299629c77d05de4acd549edfd548841baacc8460fd1fec9c683082f5239d,1,0.85,1,,,,,
FBI-Photo-B15.pdf,FBI-Photo-B15.pdf,B15 FBI Photo,B15 FBI Photo,,Adobe Acrobat (32-bit) 26 Paper Capture Plug-in,Thu May  7 15:37:00 2026 UTC,Wed May 13 17:19:50 2026 UTC,1,62256,92e6279262cc580978f5fd2bf9a0d1f1eb0e22326e6c2354fec861f174c7d611,1,0.0,1,,,,,
FBI-Photo-B16.pdf,FBI-Photo-B16.pdf,B16 FBI Photo,B16 FBI Photo,,Adobe Acrobat (32-bit) 26 Paper Capture Plug-in,Thu May  7 15:37:32 2026 UTC,Wed May 13 17:20:53 2026 UTC,1,62669,a9abc1e6d69201bd0954a34170c2e70407b377b1791497666c13b580c7ac7a8f,1,0.0,1,,,,,
FBI-Photo-B17.pdf,FBI-Photo-B17.pdf,B17 FBI Photo,B17 FBI Photo,,Adobe Acrobat (32-bit) 26 Paper Capture Plug-in,Thu May  7 15:38:56 2026 UTC,Wed May 13 17:36:38 2026 UTC,1,65683,f2d96af041ac6d451eb716109e2fd606d6071e7504f91e429ad6e8d5ae654745,1,0.0,1,,,,,
FBI-Photo-B18.pdf,FBI-Photo-B18.pdf,B18 FBI Photo,B18 FBI Photo,,Adobe Acrobat (32-bit) 26 Paper Capture Plug-in,Thu May  7 16:21:31 2026 UTC,Wed May 13 17:37:44 2026 UTC,1,61286,64c4b8d8df93af933cc16efc183c27a4262284d0dffe2ca5f6479a32fa536eb0,1,0.0,1,,,,,
FBI-Photo-B19.pdf,FBI-Photo-B19.pdf,B19 FBI Photo,B19 FBI Photo,,Adobe Acrobat (32-bit) 26 Paper Capture Plug-in,Thu May  7 15:41:19 2026 UTC,Wed May 13 17:40:52 2026 UTC,1,125697,43fc008a99501f57a114be1246ba3cae6004b734d2609c2f7eb6611b9209e509,1,0.0,1,,,,,
FBI-Photo-B2.pdf,FBI-Photo-B2.pdf,FBI Photo B2,FBI Photo B2,,Adobe Acrobat (32-bit) 26 Paper Capture Plug-in,Thu May  7 15:16:39 2026 UTC,Wed May 13 16:36:25 2026 UTC,1,122637,861e37148d76359fb10e52eb7c2f17760f60ca0977ef0ad1079c5cda11b19530,1,1.0,1,,,,,
FBI-Photo-B20.pdf,FBI-Photo-B20.pdf,B20 FBI Photo,B20 FBI Photo,,Adobe Acrobat (32-bit) 26 Paper Capture Plug-in,Thu May  7 15:41:46 2026 UTC,Wed May 13 17:44:37 2026 UTC,1,122810,97112a6fe175f0458412961285976b9384b31eceb540fe00abbe1bd28e51ceaa,1,1.0,1,,,,,
FBI-Photo-B21.pdf,FBI-Photo-B21.pdf,FBI Photo B21,FBI Photo B21,,,Thu May  7 15:45:12 2026 UTC,Thu May  7 17:51:10 2026 UTC,1,592551,52b81ee21a3bfc5ecce1777d6e91d85aabe8bb905dab1963a793dd4787005214,1,0.0,1,,,,,
FBI-Photo-B22.pdf,FBI-Photo-B22.pdf,FBI Photo B22,FBI Photo B22,,Adobe Acrobat (32-bit) 26 Paper Capture Plug-in,Thu May  7 15:46:05 2026 UTC,Wed May 13 17:45:37 2026 UTC,1,66951,8dd6f06197acb06f90d60387ecb21367c23b4f67c1011641a5be6e43f842a922,1,0.889,1,,,,,
FBI-Photo-B23.pdf,FBI-Photo-B23.pdf,FBI Photo B23,FBI Photo B23,,Adobe Acrobat (32-bit) 26 Paper Capture Plug-in,Thu May  7 15:46:40 2026 UTC,Wed May 13 17:46:34 2026 UTC,1,63037,921e5ea0a0b4264d6aabfecee036fc924bf11dd9c6212873122c0fa457de194a,1,0.0,1,,,,,
FBI-Photo-B24.pdf,FBI-Photo-B24.pdf,FBI Photo B24,FBI Photo B24,,Adobe Acrobat (32-bit) 26 Paper Capture Plug-in,Thu May  7 15:47:15 2026 UTC,Wed May 13 17:47:44 2026 UTC,1,67392,8af86cd09af935b39d650d4db78adac5802600abc427f1683cc58cc44cf4bb42,1,0.5,1,,,,,
FBI-Photo-B3.pdf,FBI-Photo-B3.pdf,FBI Photo B3,FBI Photo B3,,Adobe Acrobat (32-bit) 26 Paper Capture Plug-in,Thu May  7 15:17:34 2026 UTC,Wed May 13 16:37:57 2026 UTC,1,169593,8a58dbdbe84dc4f29f131c9c471354ac9a4cac9276bc2503eb09a6b9eb215f09,1,1.0,1,,,,,
FBI-Photo-B4.pdf,FBI-Photo-B4.pdf,FBI Photo B4,FBI Photo B4,,Adobe Acrobat (32-bit) 26 Paper Capture Plug-in,Thu May  7 15:19:36 2026 UTC,Wed May 13 16:50:53 2026 UTC,1,132213,b9b413c19731ce7d48c503c45cc8d00fd1be08154e0321cbf18b9a3613e31c7d,1,0.571,1,,,,,
FBI-Photo-B5.pdf,FBI-Photo-B5.pdf,FBI Photo B5,FBI Photo B5,,Adobe Acrobat (32-bit) 26 Paper Capture Plug-in,Thu May  7 15:20:41 2026 UTC,Wed May 13 16:40:36 2026 UTC,1,119604,9048f6d63441caa23ca385c07340399b34a3c70cd9d21da4f79fd73da57aafac,1,0.0,1,,,,,
FBI-Photo-B6.pdf,FBI-Photo-B6.pdf,B6 FBI Photo,B6 FBI Photo,,Adobe Acrobat (32-bit) 26 Paper Capture Plug-in,Thu May  7 15:21:21 2026 UTC,Wed May 13 16:41:57 2026 UTC,1,124905,c70c7334e7b8f38701fc9951e356cc702c194caaeae12f6e5a41c1bf0c2463e9,1,0.0,1,,,,,
FBI-Photo-B7.pdf,FBI-Photo-B7.pdf,B7 FBI Photo,B7 FBI Photo,,Adobe Acrobat (32-bit) 26 Paper Capture Plug-in,Thu May  7 15:22:17 2026 UTC,Wed May 13 16:51:44 2026 UTC,1,135280,829f0a7381883c14261023832fedb51259a06d50eae7ba13ca21b9b9c5b45713,1,0.719,1,,,,,
FBI-Photo-B8.pdf,FBI-Photo-B8.pdf,B8 FBI Photo,B8 FBI Photo,,Adobe Acrobat (32-bit) 26 Paper Capture Plug-in,Thu May  7 15:23:09 2026 UTC,Wed May 13 16:52:35 2026 UTC,1,124509,bb60e830904c747b7a2a7f43b655d2c02534894529b74f36447d1a4b8f537701,1,1.0,1,,,,,
FBI-Photo-B9.pdf,FBI-Photo-B9.pdf,B9 FBI Photo,B9 FBI Photo,,Adobe Acrobat (32-bit) 26 Paper Capture Plug-in,Thu May  7 15:24:38 2026 UTC,Wed May 13 16:53:29 2026 UTC,1,125010,86017c6972e7e6e110d86be0667a324d28b8d6c3e37d9fdb8acedddf3fd9dd02,1,0.0,1,,,,,
NASA-UAP-D1-Apollo-12-Transcript-1969.pdf,NASA-UAP-D1-Apollo-12-Transcript-1969.pdf,Apollo 12 Transcript Extracts,Apollo 12 Transcript Extracts,,Adobe Acrobat (32-bit) 26 Paper Capture Plug-in,Wed May  6 19:29:57 2026 UTC,Wed May 13 17:48:53 2026 UTC,4,1052877,74dc1a19ef09d093ceba4a0ab082bf3729cb19218c0c3481d8b71f814740c9b3,0,0.99,1,,,,,
NASA-UAP-D2-Apollo-17-Transcript-1972.pdf,NASA-UAP-D2-Apollo-17-Transcript-1972.pdf,Apollo 17 Transcript,Apollo 17 Transcript,,Adobe Acrobat (32-bit) 26 Paper Capture Plug-in,Tue May  5 16:01:16 2026 UTC,Wed May 13 17:49:56 2026 UTC,16,643401,18ee158476f1203b0ce45bc1eb9b209c225e30b4181ec0fb98b338b2cc0b7591,0,0.997,1,,,,,
NASA-UAP-D4-Apollo-11-Technical-Crew-Debriefing-1969.pdf,NASA-UAP-D4-Apollo-11-Technical-Crew-Debriefing-1969.pdf,"NASA-UAP-D4, Apollo 11 Technical Crew Debriefing, 1969","NASA-UAP-D4, Apollo 11 Technical Crew Debriefing, 1969",,"macOS Version 26.4 (Build 25E246) Quartz PDFContext, AppendMode 1.1",Wed May  6 21:18:41 2026 UTC,Thu May  7 20:26:28 2026 UTC,11,29286242,aacc41814dd16583bbeabe068026bf286cd9b0e464ff097c5c7b97b00d308443,11,0.0,1,,,,,
NASA-UAP-D5-Apollo-17-Crew-Debriefing-for-Science-1973.pdf,NASA-UAP-D5-Apollo-17-Crew-Debriefing-for-Science-1973.pdf,"NASA-UAP-D5, Apollo 17 Crew Debriefing for Science, 1973","NASA-UAP-D5, Apollo 17 Crew Debriefing for Science, 1973",,Adobe Acrobat (32-bit) 26 Paper Capture Plug-in,Wed May  6 21:17:48 2026 UTC,Wed May 13 17:51:02 2026 UTC,3,122499,23c76f92be6a04417373771a12229c0a6857b9769086989c1b5e459afb5c3e52,0,0.99,1,,,,,
NASA-UAP-D6-Apollo-17-Technical-Crew-Debriefing-1973.pdf,NASA-UAP-D6-Apollo-17-Technical-Crew-Debriefing-1973.pdf,"NASA-UAP-D6, Apollo 17 Technical Crew Debriefing, 1973","NASA-UAP-D6, Apollo 17 Technical Crew Debriefing, 1973",,"macOS Version 26.4 (Build 25E246) Quartz PDFContext, AppendMode 1.1",Thu May  7 17:42:35 2026 UTC,Thu May  7 20:26:25 2026 UTC,2,513402,2c874c40c55505f2348177ddde77c9fd015bf971e6e059c43508a92bc9ee6b30,2,0.0,1,,,,,
NASA-UAP-D7-Skylab-Technical-Crew-Debriefing-1973.pdf,NASA-UAP-D7-Skylab-Technical-Crew-Debriefing-1973.pdf,"NASA-UAP-D7, Skylab Technical Crew Debriefing, 1973","NASA-UAP-D7, Skylab Technical Crew Debriefing, 1973",,Adobe Acrobat (32-bit) 26 Paper Capture Plug-in,Wed May  6 21:21:56 2026 UTC,Wed May 13 17:53:06 2026 UTC,11,301657,61f7e6594e7ab6959503214c73a2a591dc231a14ba92df8e36d0bb0a0fbd6691,0,0.999,1,,,,,
059UAP00011.pdf,059UAP00011.pdf,"State Department UAP Cable 3, Tbilisi, Georgia, October 30, 2001","State Department UAP Cable 3, Tbilisi, Georgia, October 30, 2001",,Adobe Acrobat (32-bit) 26 Paper Capture Plug-in,Wed May  6 22:57:03 2026 UTC,Mon May 11 18:54:41 2026 UTC,5,825714,968c266f780e1f69abf1bca70aa0edcb094bc61c38d6743e01de335775af347c,0,0.996,2,,,,,
059UAP00012.pdf,059UAP00012.pdf,"State Department UAP Cable 4, Ashgabat, Turkmenistan, November 5, 2004","State Department UAP Cable 4, Ashgabat, Turkmenistan, November 5, 2004",,Adobe Acrobat (32-bit) 26 Paper Capture Plug-in,Wed May  6 22:56:53 2026 UTC,Mon May 11 18:55:26 2026 UTC,5,654734,e1b27f7e274549e540de4cf77f9aae131cedcf3847819edd594a9825c4cad819,0,0.996,1,,,,,
059UAP00013.pdf,059UAP00013.pdf,"State Department UAP Cable 5, Mexico, September 16, 2003","State Department UAP Cable 5, Mexico, September 16, 2003",,Adobe Acrobat (32-bit) 26 Paper Capture Plug-in,Wed May  6 22:56:42 2026 UTC,Mon May 11 18:56:26 2026 UTC,7,1208817,257e2388f838975fcee0b00a381059e903e64018b7aafb7a12e5392437154f5f,0,0.995,1,,,,,
18-100754--General-1946-7-Vol-2.pdf,18-100754--General-1946-7-Vol-2.pdf,18_100754_ General 1946-7_Vol_2,18_100754_ General 1946-7_Vol_2,,Adobe Acrobat (32-bit) 26 Paper Capture Plug-in,Thu May  7 18:13:42 2026 UTC,Mon May 11 18:03:16 2026 UTC,28,4838247,373070ab867b592e5d76cd063f50887a00b7653d2ae4b86a6d988155ecd7c993,0,0.976,10,,,,,
18-6369445-General-1948-Vol-1.pdf,18-6369445-General-1948-Vol-1.pdf,18_6369445_General_1948_Vol_1,18_6369445_General_1948_Vol_1,,Adobe Acrobat (32-bit) 26 Paper Capture Plug-in,Thu May  7 18:14:10 2026 UTC,Mon May 11 18:05:34 2026 UTC,28,4740807,5479dd8f1138ef43c8bcf51481fe83df06d1704bdc54244d893c21cf0aad926f,0,0.968,10,,,,,
2024-04-30-Composite-Sketch.pdf,2024-04-30-Composite-Sketch.pdf,2024-04-30-Composite-Sketch,2024-04-30-Composite-Sketch,,Adobe Acrobat (32-bit) 26 Paper Capture Plug-in,Fri Apr 19 17:16:14 2024 UTC,Wed May 13 11:39:36 2026 UTC,1,112045,b18179d90564ecae48fbca58e945894633ac9c37f49f5781a9406a389b457663,1,0.0,1,,,,,
255-413270-UFO's-and-Defense-What-Should-we-Prepare-For.pdf,255-413270-UFO's-and-Defense-What-Should-we-Prepare-For.pdf,255_413270_UFO's_and_Defense_What_Should_we_Prepare_For,255_413270_UFO's_and_Defense_What_Should_we_Prepare_For,,Adobe Acrobat (32-bit) 26 Paper Capture Plug-in,Thu May  7 18:28:33 2026 UTC,Tue May 12 17:38:39 2026 UTC,94,24581224,b6a51b4cd1c09ff6ab811422d1af98173d1a2ba9193ee426b9b060e4cb9eea30,1,0.993,1,,,,,
255-t-763-r1b-transcripts.pdf,255-t-763-r1b-transcripts.pdf,255_t_763_r1b_transcripts,255_t_763_r1b_transcripts,,Adobe Acrobat (32-bit) 26 Paper Capture Plug-in,Wed May  6 13:53:58 2026 UTC,Tue May 12 17:41:49 2026 UTC,4,277579,1fe6258aa15843c8b5fba5dfc7da7b1939113201ab6710a183209c942790a6e0,3,0.495,1,,,,,
331-120752-Numeric-Files-1944–1945-37153-German-Armament-Equipment-Documents.pdf,331-120752-Numeric-Files-1944–1945-37153-German-Armament-Equipment-Documents.pdf,331_120752_Numeric_Files_1944–1945_37153_German_Armament_Equipment_Documents,331_120752_Numeric_Files_1944–1945_37153_German_Armament_Equipment_Documents,,Adobe Acrobat (32-bit) 26 Paper Capture Plug-in,Wed May  6 23:02:21 2026 UTC,Tue May 12 17:43:39 2026 UTC,17,3232255,d64b69da88d045bb6aab4360ef7532b03b38a4950f98ca5656d728ea4cbdbc90,0,0.948,4,,,,,
341-110448-Records-Relating-to-the-Collection-and-Dissemination-of-Intelligence-1948-1955-TS-CONT-No.2-2-5300-2-5399.pdf,341-110448-Records-Relating-to-the-Collection-and-Dissemination-of-Intelligence-1948-1955-TS-CONT-No.2-2-5300-2-5399.pdf,341_110448_Records_Relating_to_the_Collection_and_Dissemination_of_Intelligence_1948-1955-TS_CONT_No.2_2-5300-2-5399,341_110448_Records_Relating_to_the_Collection_and_Dissemination_of_Intelligence_1948-1955-TS_CONT_No.2_2-5300-2-5399,,Adobe Acrobat (32-bit) 26 Paper Capture Plug-in,Thu May  7 18:29:26 2026 UTC,Tue May 12 17:50:18 2026 UTC,7,3167015,fc5b1c8ab566157080d8137cdbbbf7f2c3d74e7e1fae52d49dcd5c44b06237ba,2,0.97,1,NW90307,34714985,,,
341-110677-Numerical-File-5-2500.pdf,341-110677-Numerical-File-5-2500.pdf,"341_110677_Numerical_File,_5-2500","341_110677_Numerical_File,_5-2500",,Adobe Acrobat (32-bit) 26 Paper Capture Plug-in,Thu May  7 18:29:40 2026 UTC,Tue May 12 17:52:07 2026 UTC,10,8092245,10e3ba274b83d7733c2f7fac755656cc427930b647f003b7a367b58f520cb078,10,0.1,1,,,,,
342-HS1-416511228-box186-319.1-Flying-Discs-1949.pdf,342-HS1-416511228-box186-319.1-Flying-Discs-1949.pdf,342_HS1-416511228_box186_319.1 Flying Discs 1949,342_HS1-416511228_box186_319.1 Flying Discs 1949,,Adobe Acrobat (32-bit) 26 Paper Capture Plug-in,Fri Mar 27 13:53:16 2026 UTC,Tue May 12 18:05:15 2026 UTC,143,71924623,9d159600731338100b6b9c8565971b68aac644476fd766ade9d6bf126cfd3c7b,51,0.752,8,NW 91020,,,,
38-143685-box7-Incident-Summaries-1-100.pdf,38-143685-box7-Incident-Summaries-1-100.pdf,38_143685_box7_Incident_Summaries_1-100,38_143685_box7_Incident_Summaries_1-100,,Adobe Acrobat (32-bit) 26 Paper Capture Plug-in,Thu May  7 18:15:25 2026 UTC,Mon May 11 18:14:14 2026 UTC,209,32675506,c1c48d35943e6522fc285592453136526b6e41fed23b61a0e81ac61b68d8bde6,171,0.364,1,,,,,
38-143685-box7-Incident-Summaries-101-172.pdf,38-143685-box7-Incident-Summaries-101-172.pdf,38_143685_box7_Incident_Summaries_101-172,38_143685_box7_Incident_Summaries_101-172,,Adobe Acrobat (32-bit) 26 Paper Capture Plug-in,Thu May  7 18:16:53 2026 UTC,Mon May 11 18:21:13 2026 UTC,178,28550135,23482936d9dbf8dee014f3b0e1e12462731e617894c724aca6bcb688a01e277c,115,0.495,1,,,,,
38-143685-box7-Incident-Summaries-173-233.pdf,38-143685-box7-Incident-Summaries-173-233.pdf,38_143685_box7_Incident_Summaries_173-233,38_143685_box7_Incident_Summaries_173-233,,Adobe Acrobat (32-bit) 26 Paper Capture Plug-in,Thu May  7 18:17:47 2026 UTC,Mon May 11 18:53:27 2026 UTC,144,161362330,b24365329f506d92acfae313f0ed3aef2060de17d72bf61b6c91bc035bf7dd95,34,0.853,1,,,,,
59-214434-SP-16-[7.18.1963].pdf,59-214434-SP-16-[7.18.1963].pdf,59_214434_SP 16 [7.18.1963],59_214434_SP 16 [7.18.1963],,Adobe Acrobat (32-bit) 26 Paper Capture Plug-in,Thu May  7 18:18:24 2026 UTC,Mon May 11 18:58:22 2026 UTC,6,1169464,cddcc196385c373ef7fd55fee4c196bfad531860a05777786cf6d90a2fd7dabd,0,0.995,1,,,,,
59-64634-711.5612[7-2852.pdf,59-64634-711.5612[7-2852.pdf,59_64634_711.5612[7-2852,59_64634_711.5612[7-2852,,Adobe Acrobat (32-bit) 26 Paper Capture Plug-in,Thu May  7 18:18:07 2026 UTC,Mon May 11 18:57:10 2026 UTC,2,898369,2539850305227baf0b3bb487cbf41f5834eca2b188dc2d65849fdb06b683bd13,0,0.99,2,,,,,
65-HS1-101634279-100-DE-18221-Serial-844.pdf,65-HS1-101634279-100-DE-18221-Serial-844.pdf,65_HS1-101634279_100-DE-18221_Serial_844,65_HS1-101634279_100-DE-18221_Serial_844,,Adobe Acrobat (32-bit) 26 Paper Capture Plug-in,Thu May  7 18:18:41 2026 UTC,Mon May 11 18:59:24 2026 UTC,1,265783,36b00fdf99e456dff9a507db7fd90fadb995db235650966f14b77279095fcc6a,0,0.964,1,NW 90288,34715588,,,
65-HS1-101634279-100-DE-26505.pdf,65-HS1-101634279-100-DE-26505.pdf,65_HS1-101634279_100-DE-26505,65_HS1-101634279_100-DE-26505,,Adobe Acrobat (32-bit) 26 Paper Capture Plug-in,Thu May  7 18:19:01 2026 UTC,Mon May 11 19:01:53 2026 UTC,15,5326217,3fc7a74876b36b328bca96953fd73049b063cc0b50ad412c7a32900c83539d89,4,0.868,1,NW90290;NW 90290,34714592,,,
65-HS1-834228961-62-HQ-83894-SUB-A.pdf,65-HS1-834228961-62-HQ-83894-SUB-A.pdf,65_HS1-834228961_62-HQ-83894_SUB_A,65_HS1-834228961_62-HQ-83894_SUB_A,,Adobe Acrobat (32-bit) 26 Paper Capture Plug-in,Thu May  7 18:28:18 2026 UTC,Tue May 12 17:32:34 2026 UTC,124,35851631,ed6e3824974865fe91667f834c2aba6e3f3d503a5913928dfefb62425279d2e4,7,0.932,1,,,,,
65-HS1-834228961-62-HQ-83894-Section-1.pdf,65-HS1-834228961-62-HQ-83894-Section-1.pdf,65_HS1-834228961_62-HQ-83894_Section_1,65_HS1-834228961_62-HQ-83894_Section_1,,Adobe Acrobat (32-bit) 26 Paper Capture Plug-in,Thu May  7 18:19:56 2026 UTC,Mon May 11 19:10:46 2026 UTC,185,30436722,6768eb6e15f7566057b77aad159767ca87e2846493a645e015ad8e06fdb759be,70,0.733,18,,,,,
65-HS1-834228961-62-HQ-83894-Section-10.pdf,65-HS1-834228961-62-HQ-83894-Section-10.pdf,65_HS1-834228961_62-HQ-83894_Section_10,65_HS1-834228961_62-HQ-83894_Section_10,,Adobe Acrobat (32-bit) 26 Paper Capture Plug-in,Wed May  6 21:52:00 2026 UTC,Tue May 12 16:39:30 2026 UTC,184,58141207,b13552c6b558408ef1e28a46158e6a45a62d74c3aac6074f74abb23bcab76fbe,40,0.842,23,,,,,
65-HS1-834228961-62-HQ-83894-Section-2.pdf,65-HS1-834228961-62-HQ-83894-Section-2.pdf,65_HS1-834228961_62-HQ-83894_Section_2,65_HS1-834228961_62-HQ-83894_Section_2,,Adobe Acrobat (32-bit) 26 Paper Capture Plug-in,Wed May  6 22:17:00 2026 UTC,Tue May 12 12:04:34 2026 UTC,194,33449155,b79da2d091ae8e1637f58d91602758feef2341aba3c90addd9c1487cdef58109,47,0.817,21,,,,,
65-HS1-834228961-62-HQ-83894-Section-3.pdf,65-HS1-834228961-62-HQ-83894-Section-3.pdf,65_HS1-834228961_62-HQ-83894_Section_3,65_HS1-834228961_62-HQ-83894_Section_3,,Adobe Acrobat (32-bit) 26 Paper Capture Plug-in,Thu May  7 18:22:27 2026 UTC,Tue May 12 12:22:07 2026 UTC,190,35533010,ba72ac1879acea2f3c87f6bf40983f3b5f39f03038e1b59f907d136b0f02eab4,55,0.782,18,,,,,
65-HS1-834228961-62-HQ-83894-Section-4.pdf,65-HS1-834228961-62-HQ-83894-Section-4.pdf,65_HS1-834228961_62-HQ-83894_Section_4,65_HS1-834228961_62-HQ-83894_Section_4,,Adobe Acrobat (32-bit) 26 Paper Capture Plug-in,Thu May  7 18:22:44 2026 UTC,Tue May 12 12:34:33 2026 UTC,214,37916413,c3a722892229c6da31db714aabfbe19ad86b82732258114a596cc076ea69d526,43,0.837,20,,,,,
65-HS1-834228961-62-HQ-83894-Section-5.pdf,65-HS1-834228961-62-HQ-83894-Section-5.pdf,65_HS1-834228961_62-HQ-83894_Section_5,65_HS1-834228961_62-HQ-83894_Section_5,,Adobe Acrobat (32-bit) 26 Paper Capture Plug-in,Thu May  7 18:23:02 2026 UTC,Tue May 12 12:57:10 2026 UTC,209,36260149,ed97686fb1301e3a12e19d91f833f31da5b97065ef85560fc6d8fce7b7c2265d,57,0.759,14,,,,,
65-HS1-834228961-62-HQ-83894-Section-6.pdf,65-HS1-834228961-62-HQ-83894-Section-6.pdf,65_HS1-834228961_62-HQ-83894_Section_6,65_HS1-834228961_62-HQ-83894_Section_6,,Adobe Acrobat (32-bit) 26 Paper Capture Plug-in,Thu May  7 18:23:18 2026 UTC,Tue May 12 13:54:11 2026 UTC,271,60929949,7620094802463bc97ea365b0e15438dd236739db15f0edc689aebd83a9f6a938,63,0.805,24,,,,,
65-HS1-834228961-62-HQ-83894-Section-7.pdf,65-HS1-834228961-62-HQ-83894-Section-7.pdf,65_HS1-834228961_62-HQ-83894_Section_7,65_HS1-834228961_62-HQ-83894_Section_7,,Adobe Acrobat (32-bit) 26 Paper Capture Plug-in,Thu May  7 18:23:35 2026 UTC,Tue May 12 13:26:30 2026 UTC,205,39389073,350806816e58095e0a8f89808fc1af246d6c9a005e63e49e28829b040963a5c2,45,0.829,21,,,,,
65-HS1-834228961-62-HQ-83894-Section-8.pdf,65-HS1-834228961-62-HQ-83894-Section-8.pdf,65_HS1-834228961_62-HQ-83894_Section_8,65_HS1-834228961_62-HQ-83894_Section_8,,Adobe Acrobat (32-bit) 26 Paper Capture Plug-in,Wed May  6 22:09:27 2026 UTC,Tue May 12 15:36:29 2026 UTC,217,255526310,ad2fd32949337143a56a9089a193e22f953edb28b1ee07a9ad8c5330bb1b9aa1,51,0.853,17,,,,,
65-HS1-834228961-62-HQ-83894-Section-9.pdf,65-HS1-834228961-62-HQ-83894-Section-9.pdf,65_HS1-834228961_62-HQ-83894_Section_9,65_HS1-834228961_62-HQ-83894_Section_9,,Adobe Acrobat (32-bit) 26 Paper Capture Plug-in,Thu May  7 18:24:30 2026 UTC,Tue May 12 16:12:47 2026 UTC,290,52058639,c0a322f3544e3ba6c95257b89b2fd3aec3249c7a5d8f419e3f1826facea40a08,52,0.871,38,,,,,
65-HS1-834228961-62-HQ-83894-Serial-130.pdf,65-HS1-834228961-62-HQ-83894-Serial-130.pdf,65_HS1-834228961_62-HQ-83894_Serial_130,65_HS1-834228961_62-HQ-83894_Serial_130,,Adobe Acrobat (32-bit) 26 Paper Capture Plug-in,Thu May  7 18:25:39 2026 UTC,Tue May 12 16:51:27 2026 UTC,126,21525036,77043137eec2494bbeeb945c2cf8674ce343617e3c4d14ab17a69806c58dae6a,15,0.848,3,,,,,
65-HS1-834228961-62-HQ-83894-Serial-153.pdf,65-HS1-834228961-62-HQ-83894-Serial-153.pdf,65_HS1-834228961_62-HQ-83894_Serial_153,65_HS1-834228961_62-HQ-83894_Serial_153,,Adobe Acrobat (32-bit) 26 Paper Capture Plug-in,Thu May  7 18:26:05 2026 UTC,Tue May 12 16:53:05 2026 UTC,9,1082077,0df8c23b9c7710c849ebffc9d17edf3299e3f2876554ac8aa64bc5822e97150c,7,0.613,1,,,,,
65-HS1-834228961-62-HQ-83894-Serial-164.pdf,65-HS1-834228961-62-HQ-83894-Serial-164.pdf,65_HS1-834228961_62-HQ-83894_Serial_164,65_HS1-834228961_62-HQ-83894_Serial_164,,Adobe Acrobat (32-bit) 26 Paper Capture Plug-in,Thu May  7 18:26:45 2026 UTC,Tue May 12 17:06:06 2026 UTC,137,22734336,fafb11efae96654a947177809349c9e10d0149d87c23f5f3af18a57e0b5dfae3,17,0.997,18,,,,,
65-HS1-834228961-62-HQ-83894-Serial-220.pdf,65-HS1-834228961-62-HQ-83894-Serial-220.pdf,65_HS1-834228961_62-HQ-83894_Serial_220,65_HS1-834228961_62-HQ-83894_Serial_220,,Adobe Acrobat (32-bit) 26 Paper Capture Plug-in,Thu May  7 18:27:03 2026 UTC,Tue May 12 17:07:54 2026 UTC,15,3208280,a61357a986698132d1704002b5eea63f687be0ef214013941fe670da1a9d3914,10,0.387,2,,,,,
65-HS1-834228961-62-HQ-83894-Serial-403.pdf,65-HS1-834228961-62-HQ-83894-Serial-403.pdf,65_HS1-834228961_62-HQ-83894_Serial_403,65_HS1-834228961_62-HQ-83894_Serial_403,,Adobe Acrobat (32-bit) 26 Paper Capture Plug-in,Thu May  7 18:27:18 2026 UTC,Tue May 12 17:09:43 2026 UTC,3,890862,b557b29df1c6f2c5ff8fa51e5cafb9ef9b61672a38ec0522658a1a13efb8bcae,0,0.953,1,,,,,
65-HS1-834228961-62-HQ-83894-Serial-438.pdf,65-HS1-834228961-62-HQ-83894-Serial-438.pdf,65_HS1-834228961_62-HQ-83894_Serial_438,65_HS1-834228961_62-HQ-83894_Serial_438,,Adobe Acrobat (32-bit) 26 Paper Capture Plug-in,Thu May  7 18:27:32 2026 UTC,Tue May 12 17:24:00 2026 UTC,40,7579278,88c6b1c82931a1ddcb25c9c8797d8631bb31588f02e7a98717362556335274fc,4,0.925,1,,,,,
65-HS1-834228961-62-HQ-83894-Serial-449.pdf,65-HS1-834228961-62-HQ-83894-Serial-449.pdf,65_HS1-834228961_62-HQ-83894_Serial_449,65_HS1-834228961_62-HQ-83894_Serial_449,,Adobe Acrobat (32-bit) 26 Paper Capture Plug-in,Thu May  7 18:27:49 2026 UTC,Tue May 12 16:56:27 2026 UTC,18,6900861,2ca8cede91d8fd7964cda2338decd999a5bbff19a662b35352f0d965a46a3999,0,0.981,3,,,,,
DOS-UAP-D1-Cable-1-Papua-New-Guinea-January-1985.pdf,DOS-UAP-D1-Cable-1-Papua-New-Guinea-January-1985.pdf,"State Department UAP Cable 1, Papua New Guinea, January 28, 1985","State Department UAP Cable 1, Papua New Guinea, January 28, 1985",,Adobe Acrobat (32-bit) 26 Paper Capture Plug-in,Wed May  6 22:57:23 2026 UTC,Wed May 13 11:44:17 2026 UTC,3,306604,566894d9cb31e15818e87d54e848a634ddd711aa7fb9ed72402d4a759e3a3bf8,0,1.0,1,,,,,
DOS-UAP-D2-Cable-2-Kazakhstan-January-1994.pdf,DOS-UAP-D2-Cable-2-Kazakhstan-January-1994.pdf,"State Department UAP Cable 2, Dushanbe Tajikistan, January 31, 1994","State Department UAP Cable 2, Dushanbe Tajikistan, January 31, 1994",,Adobe Acrobat (32-bit) 26 Paper Capture Plug-in,Wed May  6 22:57:13 2026 UTC,Wed May 13 11:45:14 2026 UTC,3,382367,e1d583556594e3e98f0ceea5598760c9d122283c4582f7d5f6c6c9ad96ad76e3,0,1.0,1,,,,,
DOW-UAP-D10-Mission-Report-Middle-East-May-2022.pdf,DOW-UAP-D10-Mission-Report-Middle-East-May-2022.pdf,D-10,D-10,,,Tue Sep 16 11:13:21 2025 UTC,Thu May  7 19:43:50 2026 UTC,6,663290,f9deed9063306b0c45a5a0f6b754db6967f7dc3a0ed66097f154be4b0f033399,0,0.972,1,,,,,
DOW-UAP-D12-Mission-Report-Iraq-May-2022.pdf,DOW-UAP-D12-Mission-Report-Iraq-May-2022.pdf,"DOW-UAP-D12, Mission Report, Iraq, May 2022","DOW-UAP-D12, Mission Report, Iraq, May 2022",,,Tue Nov  4 14:22:53 2025 UTC,Thu May  7 20:35:06 2026 UTC,6,670302,00afb60938d05101a62d0af41fdfc6749612fcea806d90d5a1035a9dc874afb5,0,0.974,1,,,,,
DOW-UAP-D14-Mission-Report-Iraq-May-2022.pdf,DOW-UAP-D14-Mission-Report-Iraq-May-2022.pdf,"DOW-UAP-D14, Mission Report, Iraq, May 2022","DOW-UAP-D14, Mission Report, Iraq, May 2022",,Adobe Acrobat (32-bit) 26 Paper Capture Plug-in,Thu Oct 23 16:24:50 2025 UTC,Thu May  7 20:35:46 2026 UTC,9,7463660,1822564fbae08f152ad4541c8d067a6ec3b6014c4b4eb8209604e1facb5e1bb3,0,0.964,1,,,,,
DOW-UAP-D16-Mission-Report-Syria-July-2022.pdf,DOW-UAP-D16-Mission-Report-Syria-July-2022.pdf,"DOW-UAP-D16, Mission Report, Syria, July 2022","DOW-UAP-D16, Mission Report, Syria, July 2022",,Adobe Acrobat (32-bit) 26 Paper Capture Plug-in,Thu Oct 23 16:26:37 2025 UTC,Thu May  7 20:36:13 2026 UTC,7,6999240,b3b3f023d70bcce3178de9fe6a019ea6db5e5145bc7e28a49308442e190ef817,0,0.963,1,,,,,
DOW-UAP-D18-Mission-Report-Iraq-December-2022.pdf,DOW-UAP-D18-Mission-Report-Iraq-December-2022.pdf,D-18,D-18,,Adobe Acrobat (32-bit) 26 Paper Capture Plug-in,Thu Oct 23 16:27:43 2025 UTC,Thu May  7 19:45:35 2026 UTC,6,3673697,4752dd830144b21c3055a2fea8b44c551445b41622c27db64fb0fa07c2dcd93d,0,0.959,1,,,,,
DOW-UAP-D19-Mission-Report-Syria-February-21-2023.pdf,DOW-UAP-D19-Mission-Report-Syria-February-21-2023.pdf,"DOW-UAP-D19, Mission Report, Syria, February 21, 2023","DOW-UAP-D19, Mission Report, Syria, February 21, 2023",,Adobe Acrobat (32-bit) 26 Paper Capture Plug-in,Thu Oct 23 16:28:51 2025 UTC,Thu May  7 20:37:02 2026 UTC,10,5885305,46701a48cefa62a834941f073aa47234bcd5358b1ecc53bfa58cfc7cb5aeec41,0,0.953,1,,,,,
DOW-UAP-D20-Mission-Report-Iraq-2023.pdf,DOW-UAP-D20-Mission-Report-Iraq-2023.pdf,"DOW-UAP-D20, Mission Report, Southern United States, 2020","DOW-UAP-D20, Mission Report, Southern United States, 2020",,Adobe Acrobat (32-bit) 26 Paper Capture Plug-in,Thu Oct 23 16:31:06 2025 UTC,Thu May  7 20:37:32 2026 UTC,6,3698245,71ca8826db94d61583083ef8465a6902564532dcab7d49d0d2db3e86aaf85b2f,0,0.96,1,,,,,
DOW-UAP-D23-Mission-Report-United-Arab-Emirates-October-2023.pdf,DOW-UAP-D23-Mission-Report-United-Arab-Emirates-October-2023.pdf,"DOW-UAP-D23, Mission Report, United Arab Emirates, October 2023","DOW-UAP-D23, Mission Report, United Arab Emirates, October 2023",,Adobe Acrobat (32-bit) 26 Paper Capture Plug-in,Fri Sep 12 13:47:57 2025 UTC,Thu May  7 20:38:11 2026 UTC,9,1324277,ea1cd5296143f378db533066b524c32c1ecfbfd43d74ec6be7d832c20fa271bb,0,0.96,1,,,,,
DOW-UAP-D25-Mission-Report-Greece-January-2024.pdf,DOW-UAP-D25-Mission-Report-Greece-January-2024.pdf,"DOW-UAP-D25, Mission Report, Greece, January 2024","DOW-UAP-D25, Mission Report, Greece, January 2024",,,Fri Apr  3 14:12:44 2026 UTC,Thu May  7 20:38:38 2026 UTC,7,680054,bd5478d2e420f6ff46fb06014e39027e1caa415f55efdc9bd70a849ff6990356,0,0.976,1,,,,,
DOW-UAP-D27-Mission-Report-United-Arab-Emirates-October-2023.pdf,DOW-UAP-D27-Mission-Report-United-Arab-Emirates-October-2023.pdf,"DOW-UAP-D27, Mission Report, United Arab Emirates, October 2023","DOW-UAP-D27, Mission Report, United Arab Emirates, October 2023",,,Fri Apr  3 14:25:07 2026 UTC,Thu May  7 20:39:10 2026 UTC,8,689226,86275421f64583566fcc32b7422c5d991b35dd7d3700e01d3fcf24b279fff243,0,0.98,1,,,,,
DOW-UAP-D28-Mission-Report-East-China-Sea-2024.pdf,DOW-UAP-D28-Mission-Report-East-China-Sea-2024.pdf,"DOW-UAP-D28, Mission Report, East China Sea, 2024","DOW-UAP-D28, Mission Report, East China Sea, 2024",,,Wed May  6 23:16:57 2026 UTC,Thu May  7 20:39:37 2026 UTC,6,633172,e12c00b3e2d64e35eef5623499e6eb23b1bc21d304523c75d28d3f474d91d77e,0,0.978,1,,,,,
DOW-UAP-D3-Mission-Report-Arabian-Gulf-2020.pdf,DOW-UAP-D3-Mission-Report-Arabian-Gulf-2020.pdf,"DOW-UAP-D3, Mission Report, Arabian Gulf, 2020","DOW-UAP-D3, Mission Report, Arabian Gulf, 2020",,,Tue Apr 21 18:44:32 2026 UTC,Thu May  7 20:29:59 2026 UTC,7,101111,58219b8000454aa27424ead9530bf80420365a587b95d4c770a5dce916783b45,1,0.827,1,,,,,
"DOW-UAP-D32-Mission-Report,-Syria-October-2024.pdf","DOW-UAP-D32-Mission-Report,-Syria-October-2024.pdf","DOW-UAP-D32, Mission Report, Syria, October 2024","DOW-UAP-D32, Mission Report, Syria, October 2024",,,Wed May  6 23:08:16 2026 UTC,Thu May  7 20:40:25 2026 UTC,10,651740,fd4deb1e48fcfa7fd2370b6459877882e6d6fdd0226ecaa881a45fba690172df,0,0.978,1,,,,,
DOW-UAP-D33-Mission-Report-Greece-October-2023.pdf,DOW-UAP-D33-Mission-Report-Greece-October-2023.pdf,"DOW-UAP-D33, Mission Report, Greece, October 2023","DOW-UAP-D33, Mission Report, Greece, October 2023",,Adobe Acrobat (32-bit) 26 Paper Capture Plug-in,Mon May  4 15:31:19 2026 UTC,Thu May  7 20:40:50 2026 UTC,7,897434,7078d96f334dbf396e0e0a141f943009fe2191cd20842e16ee381bcbc2776c43,0,0.961,1,,,,,
DOW-UAP-D35-Mission-Report-Greece-October-2023.pdf,DOW-UAP-D35-Mission-Report-Greece-October-2023.pdf,"DOW-UAP-D35, Mission Report, Greece, October 2023","DOW-UAP-D35, Mission Report, Greece, October 2023",,Adobe Acrobat (32-bit) 26 Paper Capture Plug-in,Mon Jan 26 16:28:30 2026 UTC,Thu May  7 20:41:25 2026 UTC,7,1415369,b4f4f4ce6dc7687a543905990671f999cd6c5a9e579159bfda501bf6d04f4445,0,0.96,1,,,,,
DOW-UAP-D38-Range-Fouler-Debrief-Middle-East-May-2020.pdf,DOW-UAP-D38-Range-Fouler-Debrief-Middle-East-May-2020.pdf,"DOW-UAP-D38, Range Fouler Debrief, Middle East, May 2020","DOW-UAP-D38, Range Fouler Debrief, Middle East, May 2020",,Adobe Acrobat (32-bit) 26 Paper Capture Plug-in,Mon Jan 26 16:28:56 2026 UTC,Thu May  7 20:41:59 2026 UTC,1,342668,90b353682ba2181149054d0911b7553e58e959438dd4de531a06fc387a332f85,0,0.993,1,,,,,
DOW-UAP-D4-Mission-Report-Arabian-Gulf-2020.pdf,DOW-UAP-D4-Mission-Report-Arabian-Gulf-2020.pdf,"DOW-UAP-D4, Mission Report, Arabian Gulf, 2020","DOW-UAP-D4, Mission Report, Arabian Gulf, 2020",,,Wed Apr 29 12:07:34 2026 UTC,Thu May  7 20:30:40 2026 UTC,5,29121,857deb5a9363aad6e7604c828574d1f44caa0128b3ee0cb5a69204cbcd95d269,4,0.999,1,,,,,
DOW-UAP-D42-Range-Fouler-Debrief-Japan-2023.pdf,DOW-UAP-D42-Range-Fouler-Debrief-Japan-2023.pdf,"DOW-UAP-D42, Range Fouler Debrief, Japan, 2023","DOW-UAP-D42, Range Fouler Debrief, Japan, 2023",,Adobe Acrobat (32-bit) 26 Paper Capture Plug-in,Tue Mar 17 11:53:37 2026 UTC,Thu May  7 20:43:01 2026 UTC,1,295621,d52431b354af55b1e86cb454e61fd61993af3b023a38f2d9e014a9c9d18d16b4,0,0.975,1,,,,,
DOW-UAP-D44-Range-Fouler-Arabian-Sea-October-2020.pdf,DOW-UAP-D44-Range-Fouler-Arabian-Sea-October-2020.pdf,"DOW-UAP-D-44, Range Fouler, Arabian Sea, October 2020","DOW-UAP-D-44, Range Fouler, Arabian Sea, October 2020",,Adobe Acrobat (32-bit) 26 Paper Capture Plug-in,Thu Apr  2 12:38:50 2026 UTC,Thu May  7 20:43:51 2026 UTC,1,297873,c5cfbc8bacca29db64346aaa03846a6e36eab01ac09e1e93d8d50028593cf3f9,0,0.983,1,,,,,
DOW-UAP-D48-Report-September-1996.pdf,DOW-UAP-D48-Report-September-1996.pdf,"DOW-UAP-D48, Report, September 1996","DOW-UAP-D48, Report, September 1996",,Adobe Acrobat (32-bit) 26 Paper Capture Plug-in,Mon Mar 11 12:00:48 2002 UTC,Thu May  7 20:44:55 2026 UTC,181,22495083,0dc72877cdf9cc3a1645c3c9d282928922b00e8fd9ffd7b1daf66f46c72b2071,0,0.963,1,,,,,
DOW-UAP-D49-Launch-Summary-February-2000.pdf,DOW-UAP-D49-Launch-Summary-February-2000.pdf,DoW-UAP-D27,DoW-UAP-D27,,Adobe Acrobat (32-bit) 26 Paper Capture Plug-in,Thu Feb  8 03:17:31 2024 UTC,Thu May  7 00:33:42 2026 UTC,113,9090715,0dd7855ac3c69e39a9752c53fe6ba3e851d617e28adfcbf07c3ec93907877cf7,0,0.992,1,,,,,
DOW-UAP-D5-Mission-Report-Arabian-Gulf-2020.pdf,DOW-UAP-D5-Mission-Report-Arabian-Gulf-2020.pdf,"DOW-UAP-D5, Mission Report, Arabian Gulf, 2020","DOW-UAP-D5, Mission Report, Arabian Gulf, 2020",,,Tue Apr 21 16:45:30 2026 UTC,Thu May  7 20:31:34 2026 UTC,6,30588,af150a6b5139abc632446c9d5999fd5abc4f3c476c6245f173faabb6e2132d10,4,0.998,1,,,,,
DOW-UAP-D50-Email-Correspondence-INDOPACOM-April-2025.pdf,DOW-UAP-D50-Email-Correspondence-INDOPACOM-April-2025.pdf,DoW-UAP-D28,DoW-UAP-D28,,,Tue Apr 21 19:33:01 2026 UTC,Thu May  7 00:34:06 2026 UTC,2,312451,10c11e9bf4d6686159da48e3d9388e7d3afe4ae8b1e79725ec6c63ccc491e537,0,0.999,1,,,,,
DOW-UAP-D51-Email-Correspondence-Pacific-Time-Zone-March-2023.pdf,DOW-UAP-D51-Email-Correspondence-Pacific-Time-Zone-March-2023.pdf,DoW-UAP-D29,DoW-UAP-D29,,,Wed Apr 29 15:02:52 2026 UTC,Thu May  7 00:34:22 2026 UTC,6,76470,f21f4ae91e51810bfa8a6fce6c422f2bbf99c6277871846c642f987954c042f6,2,0.832,1,,,,,
DOW-UAP-D52-Email-Correspondance-NA-August-2024.pdf,DOW-UAP-D52-Email-Correspondance-NA-August-2024.pdf,DoW-UAP-D30,DoW-UAP-D30,,,Wed Apr 29 15:04:07 2026 UTC,Thu May  7 00:34:42 2026 UTC,2,66874,90570293e61c9b228e557b2e83f6e32821f5cf13879b0c5b83c1b8b58153f510,0,0.998,1,,,,,
DOW-UAP-D54-Mission-Report-Mediterranean-Sea-NA.pdf,DOW-UAP-D54-Mission-Report-Mediterranean-Sea-NA.pdf,DoW-UAP-D31,DoW-UAP-D31,,,Wed Apr 29 12:13:14 2026 UTC,Thu May  7 00:35:04 2026 UTC,7,20095,03b730443d7be1c67478fc26da8ed664cb48b97acdb817caca3b04fd9b9b82a8,6,0.999,1,,,,,
DOW-UAP-D55-Mission-Report-Syria-November-2016.pdf,DOW-UAP-D55-Mission-Report-Syria-November-2016.pdf,DoW-UAP-D32,DoW-UAP-D32,,Adobe Acrobat (32-bit) 26 Paper Capture Plug-in,Thu Apr  2 12:26:31 2026 UTC,Thu May  7 00:35:23 2026 UTC,1,207227,f5885b95b57a81c08f0595c02950a07c250db050562520c52fb74f2195787166,0,0.979,1,,,,,
DOW-UAP-D6-Mission-Report-Arabian-Gulf-2020.pdf,DOW-UAP-D6-Mission-Report-Arabian-Gulf-2020.pdf,"DOW-UAP-D6, Mission Report, Arabian Gulf, 2020","DOW-UAP-D6, Mission Report, Arabian Gulf, 2020",,,Wed Apr 29 12:09:41 2026 UTC,Thu May  7 20:32:16 2026 UTC,7,26847,0f898352417d0447b3720c6eda131ac0cbe7e4cf90b8d1ceab60a431fa835457,6,0.999,1,,,,,
DOW-UAP-D7-Mission-Report-Arabian-Gulf-2020.pdf,DOW-UAP-D7-Mission-Report-Arabian-Gulf-2020.pdf,"DOW-UAP-D7, Mission Report, Arabian Gulf, 2020","DOW-UAP-D7, Mission Report, Arabian Gulf, 2020",,,Tue Apr 21 16:42:21 2026 UTC,Thu May  7 20:32:55 2026 UTC,6,27337,c4cae44b6ac7b4f4916ddff140d47b1e2a6ddc80ed72985877c07401d17fd76a,5,0.999,1,,,,,
DOW-UAP-D8-Mission-Report-Djibouti-2025.pdf,DOW-UAP-D8-Mission-Report-Djibouti-2025.pdf,"DOW-UAP-D8, Mission Report, Djibouti, 2025","DOW-UAP-D8, Mission Report, Djibouti, 2025",,,Wed Apr 29 12:12:29 2026 UTC,Thu May  7 20:33:35 2026 UTC,7,29154,0a8548a845c3b45f90ee512bdfd8eac1af073072228e7e4d24e779d12025886c,6,0.999,1,,,,,
CIA-UAP-002-Scientific-Advisory-Panel-on-Unidentified-Flying-Objects-Report-1952-1953.pdf,CIA-UAP-002-Scientific-Advisory-Panel-on-Unidentified-Flying-Objects-Report-1952-1953.pdf,CIA-UAP-D002,CIA-UAP-D002,,Adobe Acrobat (32-bit) 26 Paper Capture Plug-in,Wed Jun  3 18:55:20 2026 UTC,Wed Jun 10 21:21:02 2026 UTC,42,13250859,a56e49ed5dd5fbb00b70101762b3eb9bb6148aeb380163ece648d377dfa5e5c7,1,0.966,4,,,,,
CIA-UAP-003-THE-CENTRAL-INTELLIGENCE-AGENCY-AND-OVERHEAD-RECONNAISSANCE-THE-U-2-AND-OXCART-PROGRAMS-1954-1974.pdf,CIA-UAP-003-THE-CENTRAL-INTELLIGENCE-AGENCY-AND-OVERHEAD-RECONNAISSANCE-THE-U-2-AND-OXCART-PROGRAMS-1954-1974.pdf,CIA-UAP-003,CIA-UAP-003,,Adobe Acrobat (32-bit) 26 Paper Capture Plug-in,Wed Jun 10 20:14:48 2026 UTC,Wed Jun 10 20:14:48 2026 UTC,406,46410093,3a11822b45f559acc6063304bdbf16977a21dc86ca3a7a743c1a60e40f98b8d1,14,0.97,1,,,,,
CIA-UAP-004-CASE-17708-CLOSED-AND-DR-LEON-DAVIDSON.pdf,CIA-UAP-004-CASE-17708-CLOSED-AND-DR-LEON-DAVIDSON.pdf,CIA-UAP-004,CIA-UAP-004,,Adobe Acrobat (32-bit) 26 Paper Capture Plug-in,Wed Jun 10 19:47:10 2026 UTC,Wed Jun 10 19:47:10 2026 UTC,1,269741,3e03f61e60ce007256731bcb7119d15829cee3d532b21336c7c06177c19414c8,0,0.953,1,,,,,
CIA-UAP-005-GERMAN-SCIENTISTS--ARTICLE-ON-FLYING-DISCS.pdf,CIA-UAP-005-GERMAN-SCIENTISTS--ARTICLE-ON-FLYING-DISCS.pdf,CIA-UAP-005,,,,Wed Jun 10 19:46:25 2026 UTC,Wed Jun 10 19:46:25 2026 UTC,4,1107431,85e84eb491e2331aebecb0ea021eb64d67795dc4c25197ca293ddfcffc81dee9,3,0.231,1,,,,,
CIA-UAP-006-Sighting-of-Unconventional-Aircraft.pdf,CIA-UAP-006-Sighting-of-Unconventional-Aircraft.pdf,CIA-UAP-006,CIA-UAP-006,,Adobe Acrobat (32-bit) 26 Paper Capture Plug-in,Wed Jun 10 19:45:54 2026 UTC,Wed Jun 10 19:45:54 2026 UTC,2,521075,eaa9a2e8a96ab61bf2a4e1bac1a68b6a896f2fec16fb2b11a158072d9e9ba58e,0,0.988,1,,,,,
CIA-UAP-007-Current-Status-of-Unidentified-Flying-Objects-UFO-Project.pdf,CIA-UAP-007-Current-Status-of-Unidentified-Flying-Objects-UFO-Project.pdf,CIA-UAP-007,CIA-UAP-007,,Adobe Acrobat (32-bit) 26 Paper Capture Plug-in,Wed Jun 10 19:45:12 2026 UTC,Wed Jun 10 19:45:12 2026 UTC,3,635609,855a0d73d1e9c0fc1b8999aee6fd4186f1539c1b7f7f3d60c4ed60ea35dd35f8,2,0.329,1,,,,,
CIA-UAP-008-SPECULATIVE-PAPER-BY-N-KARDASHEV-AND-A-SAKHAROV.pdf,CIA-UAP-008-SPECULATIVE-PAPER-BY-N-KARDASHEV-AND-A-SAKHAROV.pdf,CIA-UAP-008,CIA-UAP-008,,Adobe Acrobat (32-bit) 26 Paper Capture Plug-in,Wed Jun 10 19:44:36 2026 UTC,Wed Jun 10 19:44:36 2026 UTC,2,419620,3e8ee13c5fa8d61a646144adcf3469b728339c11d6303a1f1b98f1ef1827799e,1,0.491,1,,,,,
CIA-UAP-009-UNKNOWN-FLYING-OBJECTS-OBERVED-OVER-BUDAPEST.pdf,CIA-UAP-009-UNKNOWN-FLYING-OBJECTS-OBERVED-OVER-BUDAPEST.pdf,CIA-UAP-009,CIA-UAP-009,,Adobe Acrobat (32-bit) 26 Paper Capture Plug-in,Wed Jun 10 19:43:01 2026 UTC,Wed Jun 10 19:43:01 2026 UTC,1,27826,d2ff89273ce8bf19a5e9962b210e3954d4e0153ac493a5c9d8c2c140af6a5c17,0,0.652,1,,,,,
CIA-UAP-010-REPORT-ON-CONVERSATIONS-WITH-SOVIET-SCIENTISTS-ON-SUBJECT-OF-UNIDENTIFIED-FLYING-OBJECTS-IS-THE-USSR.pdf,CIA-UAP-010-REPORT-ON-CONVERSATIONS-WITH-SOVIET-SCIENTISTS-ON-SUBJECT-OF-UNIDENTIFIED-FLYING-OBJECTS-IS-THE-USSR.pdf,CIA-UAP-010,CIA-UAP-010,,Adobe Acrobat (32-bit) 26 Paper Capture Plug-in,Wed Jun 10 19:41:23 2026 UTC,Wed Jun 10 19:41:23 2026 UTC,2,1673880,3abdbd131944fb847ec6eda8bf7f3f12684812bec71ea27c22ab5c3bb2ed4eb9,2,0.0,1,,,,,
CIA-UAP-011-The-Sary-Shagan-Weapons-Testing-Range.pdf,CIA-UAP-011-The-Sary-Shagan-Weapons-Testing-Range.pdf,CIA-UAP-011,CIA-UAP-011,,Adobe Acrobat (32-bit) 26 Paper Capture Plug-in,Wed Jun 10 19:39:08 2026 UTC,Wed Jun 10 19:39:08 2026 UTC,3,396941,b5a4f68efde9027964d44f4b6f1d0c83a57d44a842c3030f2fd8a58e5f115baf,2,0.313,1,,,,,
CIA-UAP-012-Combatting-Fatigue-in-Crewmembers.pdf,CIA-UAP-012-Combatting-Fatigue-in-Crewmembers.pdf,CIA-UAP-012,CIA-UAP-012,,Adobe Acrobat (32-bit) 26 Paper Capture Plug-in,Wed Jun 10 19:38:12 2026 UTC,Wed Jun 10 19:38:12 2026 UTC,2,1221729,490841ebe7487b3e7386ca5fa22c256b678fafa58aa79fae925bf9fe72771c28,1,0.483,1,,,,,
CIA-UAP-013-Report-of-Unusual-Flying-Object-Sightings-and-Attendant-Scientific-Activity.pdf,CIA-UAP-013-Report-of-Unusual-Flying-Object-Sightings-and-Attendant-Scientific-Activity.pdf,CIA-UAP-013,CIA-UAP-013,,Adobe Acrobat (32-bit) 26 Paper Capture Plug-in,Wed Jun 10 19:36:03 2026 UTC,Wed Jun 10 19:36:03 2026 UTC,1,236547,6004fb66d76ccf50c3f0729bd218efcd4485395e8491e88b1bf257fc2ea36733,0,0.934,1,,,,,
CIA-UAP-014-British-Activity-in-the-Field-of-Unidentified-Flying-Objects.pdf,CIA-UAP-014-British-Activity-in-the-Field-of-Unidentified-Flying-Objects.pdf,CIA-UAP--014,CIA-UAP--014,,Adobe Acrobat (32-bit) 26 Paper Capture Plug-in,Wed Jun 10 19:35:14 2026 UTC,Wed Jun 10 19:35:14 2026 UTC,2,286099,a1eefc277c9c98450d4d5cf6dde3e191184a38db541b82a767804ab503926a6c,0,0.984,1,,,,,
CIA-UAP-015-Project-Blue-Book-Special-Report-No-14.pdf,CIA-UAP-015-Project-Blue-Book-Special-Report-No-14.pdf,CIA-UAP-015,CIA-UAP-015,,,Tue Jun  9 20:48:41 2026 UTC,Wed Jun 10 19:34:07 2026 UTC,312,24433155,90e05e77fc088c29758c2ddda514c0c12f317e5686ee213d348db2f9da152ee3,2,0.961,1,,,,,
CIA-UAP-016-Sightings-of-Unidentified-Flying-Ojbects-in-Ladakh-Nepal-Sikkim-and-Bhutan.pdf,CIA-UAP-016-Sightings-of-Unidentified-Flying-Ojbects-in-Ladakh-Nepal-Sikkim-and-Bhutan.pdf,CIA-UAP-016,CIA-UAP-016,,Adobe Acrobat (32-bit) 26 Paper Capture Plug-in,Wed Jun 10 19:30:43 2026 UTC,Wed Jun 10 19:31:01 2026 UTC,6,372322,c6c33cf9f578f24210e3d6454139f20279d025f6d25b4bc6bf3cc3d27865e7fe,0,0.936,1,,,,,
CIA-UAP-017-Placement-on-High-Alert-Due-to-Perceived-Aggressive-Foreign-Posturing.pdf,CIA-UAP-017-Placement-on-High-Alert-Due-to-Perceived-Aggressive-Foreign-Posturing.pdf,CIA-UAP-017,CIA-UAP-017,,Adobe Acrobat (32-bit) 26 Paper Capture Plug-in,Wed Jun 10 19:29:16 2026 UTC,Wed Jun 10 19:29:16 2026 UTC,3,309146,4332ebe48c3fcb1ef53e9186d90f38142e8465f553388a5d8dff277c87a92b16,0,0.962,1,,,,,
CIA-UAP-018-Report-of-Unusual-Flying-Object-Sightings-and-Attendant-Scientific-Activity.pdf,CIA-UAP-018-Report-of-Unusual-Flying-Object-Sightings-and-Attendant-Scientific-Activity.pdf,CIA-UAP-018,CIA-UAP-018,,Adobe Acrobat (32-bit) 26 Paper Capture Plug-in,Wed Jun 10 19:26:56 2026 UTC,Wed Jun 10 19:26:56 2026 UTC,3,277577,1f6d1a95647dbd14d34534db4c71654e4b437c61a160df24fc142ef60790b730,1,0.64,1,,,,,
CIA-UAP-019-Australian-Dept-of-Defense-Scientific-and-Intel-Aspects-of-the-UFO-Problem.pdf,CIA-UAP-019-Australian-Dept-of-Defense-Scientific-and-Intel-Aspects-of-the-UFO-Problem.pdf,CIA-UAP-019,CIA-UAP-019,,Adobe Acrobat (32-bit) 26 Paper Capture Plug-in,Wed Jun 10 19:21:44 2026 UTC,Wed Jun 10 19:22:18 2026 UTC,19,1417100,a91a8665371816b5463dff7de2f1c4c02ac449ba122d088b2898592c82dba9dc,3,0.814,1,,,,,
DOW-UAP-D077-Unresolved-Case-Analysis-Update-Western-United-States-Event.pdf,DOW-UAP-D077-Unresolved-Case-Analysis-Update-Western-United-States-Event.pdf,DOW-UAP-D077_Unresolved-Case,DOW-UAP-D077_Unresolved-Case,,Adobe Acrobat (32-bit) 26 Paper Capture Plug-in,Fri Jun  5 20:58:04 2026 UTC,Wed Jun 10 18:49:01 2026 UTC,4,392347,5eb571dbfd4faa81c2b52266e0e0ea933cde481325f8548aefac5b9b09eb42d1,0,0.992,1,,,,,
DOW-UAP-D078-Notional-Map-Western-United-States-Event.pdf,DOW-UAP-D078-Notional-Map-Western-United-States-Event.pdf,DOW-UAP-D078_Notional-Map,DOW-UAP-D078_Notional-Map,,,Tue Jun  9 22:05:33 2026 UTC,Wed Jun 10 18:49:31 2026 UTC,1,585109,284e470d213a798271fd7ade00d345cd17d4d5fca154db1e3ca5a04f34cc3bbe,0,0.972,1,,,,,
DOW-UAP-D084-USArmy-Flying-Saucer-Study-1949.pdf,DOW-UAP-D084-USArmy-Flying-Saucer-Study-1949.pdf,DOW-UAP-D084,DOW-UAP-D084,,Adobe Acrobat (32-bit) 26 Paper Capture Plug-in,Thu Jun  4 17:11:39 2026 UTC,Wed Jun 10 21:23:15 2026 UTC,25,10178660,b2e4554e261e980c10251e927942300342081109a50b4ef61dc37946deade80f,21,0.195,2,,,,,
DOW-UAP-D085-Transmission-of-CIA-Scientific-Advisory-Panel-Rept-1953.pdf,DOW-UAP-D085-Transmission-of-CIA-Scientific-Advisory-Panel-Rept-1953.pdf,DOW-UAP-D085,DOW-UAP-D085,,Adobe Acrobat (32-bit) 26 Paper Capture Plug-in,Wed Jun  3 18:58:19 2026 UTC,Wed Jun 10 22:37:08 2026 UTC,7,5224870,43f3553b900cf8cceab5575edc33e14e6b6e980764ae78f979be664829efb089,7,0.143,1,,,,,
DOW-UAP-D086-USNavy-Report-of-Flying-Discs-1948.pdf,DOW-UAP-D086-USNavy-Report-of-Flying-Discs-1948.pdf,DOW-UAP-D086,DOW-UAP-D086,,Adobe Acrobat (32-bit) 26 Paper Capture Plug-in,Wed Jun  3 18:57:14 2026 UTC,Wed Jun 10 21:34:30 2026 UTC,3,4486402,f96457d53f3cd65aec3fc539e7138cc42a5ea962654a83c75abbd0f13d54383c,3,0.583,1,,,,,
DOW-UAP-D087-US-AirForce-Analysis-of-Flying-Objects-in-the-US-1-100.pdf,DOW-UAP-D087-US-AirForce-Analysis-of-Flying-Objects-in-the-US-1-100.pdf,DOW-UAP-D087,DOW-UAP-D087,,Adobe Acrobat (32-bit) 26 Paper Capture Plug-in,Wed Jun  3 19:10:26 2026 UTC,Wed Jun 10 23:10:17 2026 UTC,253,85362382,8004ab172820cb1e35c195b32badf6ede8b5cf12d27c474e54c8788bc14815a9,54,0.829,1,,,,,
DOW-UAP-D088-US-AirForce-Analysis-of-Flying-Objects-in-the-US-101-172.pdf,DOW-UAP-D088-US-AirForce-Analysis-of-Flying-Objects-in-the-US-101-172.pdf,DOW-UAP-D088,DOW-UAP-D088,,Adobe Acrobat (32-bit) 26 Paper Capture Plug-in,Thu Jun  4 16:07:21 2026 UTC,Wed Jun 10 22:32:35 2026 UTC,210,34075288,0d53232bd0d23672c053bbdac4241e5693eae4d156b8c709e109de31191da117,28,0.862,5,,,,,
DoW-UAP-D079-Narrative-1-Western-US-Event.pdf,DoW-UAP-D079-Narrative-1-Western-US-Event.pdf,DOW-UAP-D079,DOW-UAP-D079,,Adobe Acrobat (32-bit) 26 Paper Capture Plug-in,Wed Jun 10 18:30:16 2026 UTC,Wed Jun 10 19:22:19 2026 UTC,2,558749,670dbdbe40e70fa5f46485273d8f2c0eef7e604a7487416343ebec8bfc5f30c1,0,0.999,1,,,,,
DoW-UAP-D080-Narrative-2-Western-US-Event.pdf,DoW-UAP-D080-Narrative-2-Western-US-Event.pdf,DOW-UAP-D080,DOW-UAP-D080,,Adobe Acrobat (32-bit) 26 Paper Capture Plug-in,Wed Jun 10 18:30:26 2026 UTC,Wed Jun 10 19:25:13 2026 UTC,8,1062294,2b011f25bb6fed4870766506b5799374cb3589d747c29e4227bab99ee779665b,2,0.999,1,,,,,
DoW-UAP-D081-Narrative-3-Western-US-Event.pdf,DoW-UAP-D081-Narrative-3-Western-US-Event.pdf,DOW-UAP-D081,DOW-UAP-D081,,Adobe Acrobat (32-bit) 26 Paper Capture Plug-in,Wed Jun 10 18:30:34 2026 UTC,Wed Jun 10 19:27:16 2026 UTC,2,555535,3c369f9660a3528455b6140d03dfef6bc94b1cf430b85ce26938e5adf1dd1e9d,0,0.996,1,,,,,
DoW-UAP-D082-Narrative-4-Western-US-Event.pdf,DoW-UAP-D082-Narrative-4-Western-US-Event.pdf,DoW-UAP-D082_Narrative-4,DoW-UAP-D082_Narrative-4,,Adobe Acrobat (32-bit) 26 Paper Capture Plug-in,Tue Jun  9 23:08:57 2026 UTC,Wed Jun 10 19:28:25 2026 UTC,3,607075,d522d9a289caaa7b2c9143bc1e80aa37764066791097824ffeb898b500200e1e,0,0.997,1,,,,,
DoW-UAP-D083-Narrative-5-Western-US-Event.pdf,DoW-UAP-D083-Narrative-5-Western-US-Event.pdf,DoW-UAP-D083_Narrative-5,DoW-UAP-D083_Narrative-5,,Adobe Acrobat (32-bit) 26 Paper Capture Plug-in,Tue Jun  9 23:07:38 2026 UTC,Wed Jun 10 19:29:38 2026 UTC,5,579735,ad70e6d8f9091d432dd89d9cd803734c0a297f16cb211311feb609fb435ff360,0,0.996,1,,,,,
FBI-UAP-D001-FD-302-Unresolved-UAP-Report-ColoradoSprings-2022.pdf,FBI-UAP-D001-FD-302-Unresolved-UAP-Report-ColoradoSprings-2022.pdf,FBI-UAP-D001,FBI-UAP-D001,,Adobe Acrobat (32-bit) 26 Paper Capture Plug-in,Wed Jun 10 17:29:55 2026 UTC,Wed Jun 10 21:04:33 2026 UTC,2,383742,22528109268e1ed19d3a10f35d91b66077b674315c283e3ba6e3714743c41f4f,0,0.993,1,,,,,
FBI-UAP-D002-FD-1057-Unresolved-UAP-Report-ColoradoSprings-2022.pdf,FBI-UAP-D002-FD-1057-Unresolved-UAP-Report-ColoradoSprings-2022.pdf,FBI-UAP-D002,FBI-UAP-D002,,Adobe Acrobat (32-bit) 26 Paper Capture Plug-in,Wed Jun 10 17:30:38 2026 UTC,Wed Jun 10 21:05:25 2026 UTC,2,979904,f73ffa1579ecc8916492166021bac801e421f058779127e8bb4bf1ded02cc3a1,0,0.982,1,,,,,
FBI-UAP-D003-Digital-Rendering-Unresolved-UAP-Report-ColoradoSprings-2022.pdf,FBI-UAP-D003-Digital-Rendering-Unresolved-UAP-Report-ColoradoSprings-2022.pdf,FBI-UAP-D003,FBI-UAP-D003,,,Wed Jun 10 17:31:23 2026 UTC,Wed Jun 10 21:06:10 2026 UTC,1,3459421,e067ec3753f24fbe26501a3932bce900124efea19ce5f949368f1b74d95fb53d,1,0.0,1,,,,,
FBI-UAP-D004-FD-1057-02-Northeastern-US-2024.pdf,FBI-UAP-D004-FD-1057-02-Northeastern-US-2024.pdf,FBI-UAP-D004,FBI-UAP-D004,,Adobe Acrobat (32-bit) 26 Paper Capture Plug-in,Wed Jun 10 17:32:20 2026 UTC,Wed Jun 10 21:08:19 2026 UTC,3,458059,24438d15d989c8b1dc90087c6babd258981a3a1bc16d8fd17e0e44d366561da7,0,0.987,1,,,,,
FBI-UAP-D005-FD-1057-04-Northeastern-US-2024.pdf,FBI-UAP-D005-FD-1057-04-Northeastern-US-2024.pdf,FBI-UAP-D005,FBI-UAP-D005,,Adobe Acrobat (32-bit) 26 Paper Capture Plug-in,Wed Jun 10 17:34:51 2026 UTC,Wed Jun 10 21:09:38 2026 UTC,3,417487,c33b63109ce1e9d53f700c00d05728cb53bd17d863b1e2e81a40486ceb9f978e,0,0.981,1,,,,,
FBI-UAP-D006-FD-1057-05-Northeastern-US-2024.pdf,FBI-UAP-D006-FD-1057-05-Northeastern-US-2024.pdf,FBI-UAP-D006,FBI-UAP-D006,,Adobe Acrobat (32-bit) 26 Paper Capture Plug-in,Wed Jun 10 17:36:35 2026 UTC,Wed Jun 10 21:10:21 2026 UTC,3,1020751,953c2aa10c0e560ea11b131cc64ef6962671649eec743cf3ab0f24698c0fc1b7,0,0.985,1,,,,,
FBI-UAP-D007-FD-1057-06-Northeastern-US-2024.pdf,FBI-UAP-D007-FD-1057-06-Northeastern-US-2024.pdf,FBI-UAP-D007,FBI-UAP-D007,,Adobe Acrobat (32-bit) 26 Paper Capture Plug-in,Wed Jun 10 17:43:19 2026 UTC,Wed Jun 10 21:11:16 2026 UTC,4,494378,f5cfb310e3064e34c55c4b1a256285da71050915ff3559ea70529b101f248c5c,0,0.983,1,,,,,
FBI-UAP-D008-FD-1057-07-Northeastern-US-2024.pdf,FBI-UAP-D008-FD-1057-07-Northeastern-US-2024.pdf,FBI-UAP-D008,FBI-UAP-D008,,Adobe Acrobat (32-bit) 26 Paper Capture Plug-in,Wed Jun 10 17:48:42 2026 UTC,Wed Jun 10 21:12:00 2026 UTC,2,265993,abcbc0042ec0f228c81cff200fb59f82f8b8b1374e8c4e5d0e8b2f32160bef8b,0,0.984,1,,,,,
FBI-UAP-D009-FD-302-67-Northeastern-Orb-Sighting-2026.pdf,FBI-UAP-D009-FD-302-67-Northeastern-Orb-Sighting-2026.pdf,FBI-UAP-D009,FBI-UAP-D009,,Adobe Acrobat (32-bit) 26 Paper Capture Plug-in,Wed Jun 10 17:53:06 2026 UTC,Wed Jun 10 21:12:52 2026 UTC,2,1059058,b5513dea063f469efff564cf92a72e088e325e03211f2fd85fbaee5d6ed7f4c4,0,0.957,1,,,,,
FBI-UAP-D010-FD-302-71-Northeastern-Orb-Sighting-2026.pdf,FBI-UAP-D010-FD-302-71-Northeastern-Orb-Sighting-2026.pdf,FBI-UAP-D010,FBI-UAP-D010,,Adobe Acrobat (32-bit) 26 Paper Capture Plug-in,Wed Jun 10 17:58:04 2026 UTC,Wed Jun 10 21:13:59 2026 UTC,2,289277,b612cbe81c33546e3cea6f047ada247df054cbb294a84977d4600a0c72ffeb4d,0,0.928,1,,,,,
FBI-UAP-D011-DFBI-Correspondence-Referral-1949.pdf,FBI-UAP-D011-DFBI-Correspondence-Referral-1949.pdf,FBI-UAP-D011,FBI-UAP-D011,,Adobe Acrobat (32-bit) 26 Paper Capture Plug-in,Thu Jun  4 17:14:06 2026 UTC,Wed Jun 10 21:14:36 2026 UTC,4,581575,aaf14409fe2a6b8577345394b399e8ccfa36a0571c6205eb6b5da82b53e6876b,0,0.849,2,,,,,
FBI-UAP-D012-Newark-Field-Office-1952-1967.pdf,FBI-UAP-D012-Newark-Field-Office-1952-1967.pdf,FBI-UAP-D012,FBI-UAP-D012,,Adobe Acrobat (32-bit) 26 Paper Capture Plug-in,Wed Jun 10 18:03:34 2026 UTC,Wed Jun 10 21:15:17 2026 UTC,66,64461475,04195d918cf49bc4d32b050060f12dbd16bac2cb79b83e2d70b63543a1b68630,30,0.601,11,NW 91149;NW91149,34742114,,,
FBI-UAP-D013-WA-UFO-Investigation-1952-1960.pdf,FBI-UAP-D013-WA-UFO-Investigation-1952-1960.pdf,FBI-UAP-D013,FBI-UAP-D013,,Adobe Acrobat (32-bit) 26 Paper Capture Plug-in,Wed Jun 10 18:50:13 2026 UTC,Wed Jun 10 21:16:06 2026 UTC,55,27195556,50f1e4af35a5c630f283e10be33e17935ee9e61672506571267248ed2f4583ce,8,0.816,4,NW90291;NW00291;NW 90291,34714;34714596,,,
ICA-UAP-D001-Analysis-Colorado-Springs-UAP-Incident.pdf,ICA-UAP-D001-Analysis-Colorado-Springs-UAP-Incident.pdf,ICA-UAP-D001,ICA-UAP-D001,,Adobe Acrobat (32-bit) 26 Paper Capture Plug-in,Wed Jun 10 20:20:29 2026 UTC,Wed Jun 10 21:08:33 2026 UTC,4,49557,b98b58a326ea413b5fd332ba56e81869bf83e2606a744335882d0115f8d77158,1,0.999,1,,,,,
NASA-UAP-D015-Astronaut-Scientific-Debriefings-1962-1963.pdf,NASA-UAP-D015-Astronaut-Scientific-Debriefings-1962-1963.pdf,NASA-UAP-D015,NASA-UAP-D015,,Adobe Acrobat (32-bit) 26 Paper Capture Plug-in,Wed May  6 15:48:47 2026 UTC,Wed Jun 10 21:59:16 2026 UTC,216,103467300,35e904ddb6652ca72281ff13cf00f71d9563aab3672e399273335215bebb5184,33,0.892,8,,,,,
NASA-UAP-D016-Preliminary-Gemini-4-Crew-Debriefing-Part1-1965.pdf,NASA-UAP-D016-Preliminary-Gemini-4-Crew-Debriefing-Part1-1965.pdf,NASA-UAP-D016,NASA-UAP-D016,,Adobe Acrobat (32-bit) 26 Paper Capture Plug-in,Mon May 11 16:49:31 2026 UTC,Wed Jun 10 22:20:45 2026 UTC,340,37882686,ca596a44820b275f3e3ba41ddabd9ed8f124b68f8c3207d4c34d8afb1a48a94c,7,0.977,1,NW 91526,,,,
NASA-UAP-D017-Preliminary-Gemini-4-Crew-Debriefing-Part2-1965.pdf,NASA-UAP-D017-Preliminary-Gemini-4-Crew-Debriefing-Part2-1965.pdf,NASA-UAP-D017,NASA-UAP-D017,,Adobe Acrobat (32-bit) 26 Paper Capture Plug-in,Wed Jun 10 22:32:00 2026 UTC,Wed Jun 10 22:32:04 2026 UTC,290,32535399,2be20f887d364078d11c7340380c21800348ac84beb5722c5932ef0be3e57c57,4,0.986,1,NW 91526,,,,
NASA-UAP-D018-Gemini-4-Experiment-Debriefing-1967.pdf,NASA-UAP-D018-Gemini-4-Experiment-Debriefing-1967.pdf,NASA-UAP-D018,NASA-UAP-D018,,Adobe Acrobat (32-bit) 26 Paper Capture Plug-in,Thu May 28 20:31:38 2026 UTC,Thu Jun 11 11:26:28 2026 UTC,224,160903752,5f073d6c4ae822a8213d56fbccef9d14a82e6b75bc318dbe2ccfe9c5945ddeee,55,0.824,8,,,,,
NASA-UAP-D019-Gemini-5-Technical-Debriefing-Part1-1965.pdf,NASA-UAP-D019-Gemini-5-Technical-Debriefing-Part1-1965.pdf,NASA-UAP-D019,NASA-UAP-D019,,Adobe Acrobat (32-bit) 26 Paper Capture Plug-in,Thu Jun 11 10:45:18 2026 UTC,Thu Jun 11 10:45:39 2026 UTC,223,24652260,fd3b139e6b9ad4e3b697561f1712541e54668617fe8be72f9214124e4325c793,3,0.986,1,,,,,
NASA-UAP-D020-Gemini-5-Technical-Debriefing-Part2-1965.pdf,NASA-UAP-D020-Gemini-5-Technical-Debriefing-Part2-1965.pdf,NASA-UAP-D020,NASA-UAP-D020,,Adobe Acrobat (32-bit) 26 Paper Capture Plug-in,Thu Jun 11 10:57:09 2026 UTC,Thu Jun 11 10:57:42 2026 UTC,325,37308319,a54a4d12ac77b4f7ef5bbfc6ccd81f06c91168746c7bb176c554d23f6eb859b2,2,0.993,1,NW 91526,,,,
NASA-UAP-D021-Gemini-7-Technical-Debriefing-1965.pdf,NASA-UAP-D021-Gemini-7-Technical-Debriefing-1965.pdf,NASA-UAP-D021,NASA-UAP-D021,,Adobe Acrobat (32-bit) 26 Paper Capture Plug-in,Thu Jun 11 11:10:00 2026 UTC,Thu Jun 11 11:10:00 2026 UTC,222,26709168,e192e501e6be5c87ead3793856245b07d2749682a211b3bd977d58bb22cd60c7,5,0.982,1,NW 91526,,,,
NASA-UAP-D022-Gemini-9-Debriefing-1966.pdf,NASA-UAP-D022-Gemini-9-Debriefing-1966.pdf,NASA-UAP-D022,NASA-UAP-D022,,Adobe Acrobat (32-bit) 26 Paper Capture Plug-in,Thu May 28 20:38:30 2026 UTC,Thu Jun 11 11:22:15 2026 UTC,78,85906525,971d604c8a91acb14a05b818e07f1c6530faf73845dd98f3cdbe0ede6d85c4b8,22,0.725,10,,,,,
USG-UAP-D001-Congress-WhiteHouse-UFO-Correspondence-1998.pdf,USG-UAP-D001-Congress-WhiteHouse-UFO-Correspondence-1998.pdf,USG-UAP-D001,USG-UAP-D001,,Adobe Acrobat (32-bit) 26 Paper Capture Plug-in,Thu Jun  4 18:55:41 2026 UTC,Wed Jun 10 21:44:41 2026 UTC,86,15771408,3393d62c92d9a5ad76155535caddf39cf9e76f5f19716ebfc851ba2b86b0ae3a,2,0.962,10,,,,,
