release_id,spine_status,drive_file_id,drive_parent_id,working_view_url,working_embed_url,working_direct_url,listed_utc,source_url,mirror_url
DOD_111688723,INDEXED,12x5u4mBWD6a4pg6BantCflisniydKetZ,1Z8_NzOrfjXiQTsxkj0GEbUdr1SI5LjWM,https://drive.google.com/file/d/12x5u4mBWD6a4pg6BantCflisniydKetZ/view,https://drive.google.com/file/d/12x5u4mBWD6a4pg6BantCflisniydKetZ/preview,https://drive.usercontent.google.com/download?id=12x5u4mBWD6a4pg6BantCflisniydKetZ&export=download&confirm=t,2026-08-08,,
DOD_111688762,INDEXED,1P3vpVaurCry-Vnn2jCTFP5HCU798Y1-X,1Z8_NzOrfjXiQTsxkj0GEbUdr1SI5LjWM,https://drive.google.com/file/d/1P3vpVaurCry-Vnn2jCTFP5HCU798Y1-X/view,https://drive.google.com/file/d/1P3vpVaurCry-Vnn2jCTFP5HCU798Y1-X/preview,https://drive.usercontent.google.com/download?id=1P3vpVaurCry-Vnn2jCTFP5HCU798Y1-X&export=download&confirm=t,2026-08-08,,
DOD_111688775,INDEXED,1Tw0nI_iwn5ZTh3bHXJFRlQYXgEbCbOqR,1Z8_NzOrfjXiQTsxkj0GEbUdr1SI5LjWM,https://drive.google.com/file/d/1Tw0nI_iwn5ZTh3bHXJFRlQYXgEbCbOqR/view,https://drive.google.com/file/d/1Tw0nI_iwn5ZTh3bHXJFRlQYXgEbCbOqR/preview,https://drive.usercontent.google.com/download?id=1Tw0nI_iwn5ZTh3bHXJFRlQYXgEbCbOqR&export=download&confirm=t,2026-08-08,,
DOD_111688809,INDEXED,1J-JVQT_LdUGGnnGSsJkmM84lX7-gJTZT,1Z8_NzOrfjXiQTsxkj0GEbUdr1SI5LjWM,https://drive.google.com/file/d/1J-JVQT_LdUGGnnGSsJkmM84lX7-gJTZT/view,https://drive.google.com/file/d/1J-JVQT_LdUGGnnGSsJkmM84lX7-gJTZT/preview,https://drive.usercontent.google.com/download?id=1J-JVQT_LdUGGnnGSsJkmM84lX7-gJTZT&export=download&confirm=t,2026-08-08,,
DOD_111688816,NOT_INGESTED,15rnCHWibpOAj3k7mLDnlbYPkAkEuV7sL,1Z8_NzOrfjXiQTsxkj0GEbUdr1SI5LjWM,https://drive.google.com/file/d/15rnCHWibpOAj3k7mLDnlbYPkAkEuV7sL/view,https://drive.google.com/file/d/15rnCHWibpOAj3k7mLDnlbYPkAkEuV7sL/preview,https://drive.usercontent.google.com/download?id=15rnCHWibpOAj3k7mLDnlbYPkAkEuV7sL&export=download&confirm=t,2026-08-08,,
DOD_111688825,NOT_INGESTED,1anXC6riya4HVBwh38kMEbi14S0gOawGZ,1Z8_NzOrfjXiQTsxkj0GEbUdr1SI5LjWM,https://drive.google.com/file/d/1anXC6riya4HVBwh38kMEbi14S0gOawGZ/view,https://drive.google.com/file/d/1anXC6riya4HVBwh38kMEbi14S0gOawGZ/preview,https://drive.usercontent.google.com/download?id=1anXC6riya4HVBwh38kMEbi14S0gOawGZ&export=download&confirm=t,2026-08-08,,
DOD_111688954,INDEXED,1O50NuVZsiuupfcpi7xQeT2_RgSiM-s5d,1Z8_NzOrfjXiQTsxkj0GEbUdr1SI5LjWM,https://drive.google.com/file/d/1O50NuVZsiuupfcpi7xQeT2_RgSiM-s5d/view,https://drive.google.com/file/d/1O50NuVZsiuupfcpi7xQeT2_RgSiM-s5d/preview,https://drive.usercontent.google.com/download?id=1O50NuVZsiuupfcpi7xQeT2_RgSiM-s5d&export=download&confirm=t,2026-08-08,,
DOD_111688964,INDEXED,1mgAMZjkCWlSutQRLJT3B_YhL55jn0Jbd,1Z8_NzOrfjXiQTsxkj0GEbUdr1SI5LjWM,https://drive.google.com/file/d/1mgAMZjkCWlSutQRLJT3B_YhL55jn0Jbd/view,https://drive.google.com/file/d/1mgAMZjkCWlSutQRLJT3B_YhL55jn0Jbd/preview,https://drive.usercontent.google.com/download?id=1mgAMZjkCWlSutQRLJT3B_YhL55jn0Jbd&export=download&confirm=t,2026-08-08,,
DOD_111688970,INDEXED,1HUs28odPyZONAaXrkP91FO9Uh4FiEHFH,1Z8_NzOrfjXiQTsxkj0GEbUdr1SI5LjWM,https://drive.google.com/file/d/1HUs28odPyZONAaXrkP91FO9Uh4FiEHFH/view,https://drive.google.com/file/d/1HUs28odPyZONAaXrkP91FO9Uh4FiEHFH/preview,https://drive.usercontent.google.com/download?id=1HUs28odPyZONAaXrkP91FO9Uh4FiEHFH&export=download&confirm=t,2026-08-08,,
DOD_111688997,INDEXED,1urLBK1jSyW99JqX44NyL0uTDW2BnLTRv,1Z8_NzOrfjXiQTsxkj0GEbUdr1SI5LjWM,https://drive.google.com/file/d/1urLBK1jSyW99JqX44NyL0uTDW2BnLTRv/view,https://drive.google.com/file/d/1urLBK1jSyW99JqX44NyL0uTDW2BnLTRv/preview,https://drive.usercontent.google.com/download?id=1urLBK1jSyW99JqX44NyL0uTDW2BnLTRv&export=download&confirm=t,2026-08-08,,
DOD_111689005,INDEXED,1WxvHKrvLBXyFVzrXFbxPMpJIgCfNMW9m,1Z8_NzOrfjXiQTsxkj0GEbUdr1SI5LjWM,https://drive.google.com/file/d/1WxvHKrvLBXyFVzrXFbxPMpJIgCfNMW9m/view,https://drive.google.com/file/d/1WxvHKrvLBXyFVzrXFbxPMpJIgCfNMW9m/preview,https://drive.usercontent.google.com/download?id=1WxvHKrvLBXyFVzrXFbxPMpJIgCfNMW9m&export=download&confirm=t,2026-08-08,,
DOD_111689011,NOT_INGESTED,12IgXFw9jbxDEmyUPIczw3cnlND6lR2KM,1Z8_NzOrfjXiQTsxkj0GEbUdr1SI5LjWM,https://drive.google.com/file/d/12IgXFw9jbxDEmyUPIczw3cnlND6lR2KM/view,https://drive.google.com/file/d/12IgXFw9jbxDEmyUPIczw3cnlND6lR2KM/preview,https://drive.usercontent.google.com/download?id=12IgXFw9jbxDEmyUPIczw3cnlND6lR2KM&export=download&confirm=t,2026-08-08,,
DOD_111689022,INDEXED,1TNmka2eW2fv_KfzVAzYMYdrQ1kc5mRRt,1Z8_NzOrfjXiQTsxkj0GEbUdr1SI5LjWM,https://drive.google.com/file/d/1TNmka2eW2fv_KfzVAzYMYdrQ1kc5mRRt/view,https://drive.google.com/file/d/1TNmka2eW2fv_KfzVAzYMYdrQ1kc5mRRt/preview,https://drive.usercontent.google.com/download?id=1TNmka2eW2fv_KfzVAzYMYdrQ1kc5mRRt&export=download&confirm=t,2026-08-08,,
DOD_111689030,NOT_INGESTED,1DfV0lEs45t8H1cdnRG9oX_0kgwgN-6vZ,1Z8_NzOrfjXiQTsxkj0GEbUdr1SI5LjWM,https://drive.google.com/file/d/1DfV0lEs45t8H1cdnRG9oX_0kgwgN-6vZ/view,https://drive.google.com/file/d/1DfV0lEs45t8H1cdnRG9oX_0kgwgN-6vZ/preview,https://drive.usercontent.google.com/download?id=1DfV0lEs45t8H1cdnRG9oX_0kgwgN-6vZ&export=download&confirm=t,2026-08-08,,
DOD_111689044,INDEXED,1oelRVjukA859swcp82capL-lOglPF70K,1Z8_NzOrfjXiQTsxkj0GEbUdr1SI5LjWM,https://drive.google.com/file/d/1oelRVjukA859swcp82capL-lOglPF70K/view,https://drive.google.com/file/d/1oelRVjukA859swcp82capL-lOglPF70K/preview,https://drive.usercontent.google.com/download?id=1oelRVjukA859swcp82capL-lOglPF70K&export=download&confirm=t,2026-08-08,,
DOD_111689051,NOT_INGESTED,10TwdLXqnN3wAOb4TdD09DdQxpaICm2Lt,1Z8_NzOrfjXiQTsxkj0GEbUdr1SI5LjWM,https://drive.google.com/file/d/10TwdLXqnN3wAOb4TdD09DdQxpaICm2Lt/view,https://drive.google.com/file/d/10TwdLXqnN3wAOb4TdD09DdQxpaICm2Lt/preview,https://drive.usercontent.google.com/download?id=10TwdLXqnN3wAOb4TdD09DdQxpaICm2Lt&export=download&confirm=t,2026-08-08,,
DOD_111689057,INDEXED,1mXzcflOtlTEdfhwpfcxhlIfbzS0yVpt2,1Z8_NzOrfjXiQTsxkj0GEbUdr1SI5LjWM,https://drive.google.com/file/d/1mXzcflOtlTEdfhwpfcxhlIfbzS0yVpt2/view,https://drive.google.com/file/d/1mXzcflOtlTEdfhwpfcxhlIfbzS0yVpt2/preview,https://drive.usercontent.google.com/download?id=1mXzcflOtlTEdfhwpfcxhlIfbzS0yVpt2&export=download&confirm=t,2026-08-08,,
DOD_111689082,NOT_INGESTED,1zCezpvhETcAWRzk7MjLXGI_EgeL_6Euw,1Z8_NzOrfjXiQTsxkj0GEbUdr1SI5LjWM,https://drive.google.com/file/d/1zCezpvhETcAWRzk7MjLXGI_EgeL_6Euw/view,https://drive.google.com/file/d/1zCezpvhETcAWRzk7MjLXGI_EgeL_6Euw/preview,https://drive.usercontent.google.com/download?id=1zCezpvhETcAWRzk7MjLXGI_EgeL_6Euw&export=download&confirm=t,2026-08-08,,
DOD_111689083,NOT_INGESTED,1Hp3xm2f6eHydMJlP8VE6cGLmAUHxRVyo,1Z8_NzOrfjXiQTsxkj0GEbUdr1SI5LjWM,https://drive.google.com/file/d/1Hp3xm2f6eHydMJlP8VE6cGLmAUHxRVyo/view,https://drive.google.com/file/d/1Hp3xm2f6eHydMJlP8VE6cGLmAUHxRVyo/preview,https://drive.usercontent.google.com/download?id=1Hp3xm2f6eHydMJlP8VE6cGLmAUHxRVyo&export=download&confirm=t,2026-08-08,,
DOD_111689090,NOT_INGESTED,1g74JM3JP5c-Sa6FMgU5r1mqm2knkPfC6,1Z8_NzOrfjXiQTsxkj0GEbUdr1SI5LjWM,https://drive.google.com/file/d/1g74JM3JP5c-Sa6FMgU5r1mqm2knkPfC6/view,https://drive.google.com/file/d/1g74JM3JP5c-Sa6FMgU5r1mqm2knkPfC6/preview,https://drive.usercontent.google.com/download?id=1g74JM3JP5c-Sa6FMgU5r1mqm2knkPfC6&export=download&confirm=t,2026-08-08,,
DOD_111689115,NOT_INGESTED,14eMKUL2RJHzD-EzooYjQYD7A5o3un8qI,1Z8_NzOrfjXiQTsxkj0GEbUdr1SI5LjWM,https://drive.google.com/file/d/14eMKUL2RJHzD-EzooYjQYD7A5o3un8qI/view,https://drive.google.com/file/d/14eMKUL2RJHzD-EzooYjQYD7A5o3un8qI/preview,https://drive.usercontent.google.com/download?id=14eMKUL2RJHzD-EzooYjQYD7A5o3un8qI&export=download&confirm=t,2026-08-08,,
DOD_111689123,INDEXED,1VtF6FZOPqHrIdtsCtJX0eZ5BrPCxx_bx,1Z8_NzOrfjXiQTsxkj0GEbUdr1SI5LjWM,https://drive.google.com/file/d/1VtF6FZOPqHrIdtsCtJX0eZ5BrPCxx_bx/view,https://drive.google.com/file/d/1VtF6FZOPqHrIdtsCtJX0eZ5BrPCxx_bx/preview,https://drive.usercontent.google.com/download?id=1VtF6FZOPqHrIdtsCtJX0eZ5BrPCxx_bx&export=download&confirm=t,2026-08-08,,
DOD_111689133,INDEXED,13Sxk7nlXcwj5p5c7Jl_06ZsPOwKCHop0,1Z8_NzOrfjXiQTsxkj0GEbUdr1SI5LjWM,https://drive.google.com/file/d/13Sxk7nlXcwj5p5c7Jl_06ZsPOwKCHop0/view,https://drive.google.com/file/d/13Sxk7nlXcwj5p5c7Jl_06ZsPOwKCHop0/preview,https://drive.usercontent.google.com/download?id=13Sxk7nlXcwj5p5c7Jl_06ZsPOwKCHop0&export=download&confirm=t,2026-08-08,,
DOD_111689142,INDEXED,1cTqK3YKF1qKYGsheJoWU1qXMw9PZAVay,1Z8_NzOrfjXiQTsxkj0GEbUdr1SI5LjWM,https://drive.google.com/file/d/1cTqK3YKF1qKYGsheJoWU1qXMw9PZAVay/view,https://drive.google.com/file/d/1cTqK3YKF1qKYGsheJoWU1qXMw9PZAVay/preview,https://drive.usercontent.google.com/download?id=1cTqK3YKF1qKYGsheJoWU1qXMw9PZAVay&export=download&confirm=t,2026-08-08,,
DOD_111689167,NOT_INGESTED,1xl5LT-dKndRR7WcIe2dNGR8_Xb1lOwj-,1Z8_NzOrfjXiQTsxkj0GEbUdr1SI5LjWM,https://drive.google.com/file/d/1xl5LT-dKndRR7WcIe2dNGR8_Xb1lOwj-/view,https://drive.google.com/file/d/1xl5LT-dKndRR7WcIe2dNGR8_Xb1lOwj-/preview,https://drive.usercontent.google.com/download?id=1xl5LT-dKndRR7WcIe2dNGR8_Xb1lOwj-&export=download&confirm=t,2026-08-08,,
DOD_111689168,NOT_INGESTED,1pTvBm9uj4i97JME74_oCg0KtzqxmEwNY,1Z8_NzOrfjXiQTsxkj0GEbUdr1SI5LjWM,https://drive.google.com/file/d/1pTvBm9uj4i97JME74_oCg0KtzqxmEwNY/view,https://drive.google.com/file/d/1pTvBm9uj4i97JME74_oCg0KtzqxmEwNY/preview,https://drive.usercontent.google.com/download?id=1pTvBm9uj4i97JME74_oCg0KtzqxmEwNY&export=download&confirm=t,2026-08-08,,
DOD_111689232,NOT_INGESTED,1HDNvU0fJinlG7pJSFafjFLgMJ2ZEluX1,1Z8_NzOrfjXiQTsxkj0GEbUdr1SI5LjWM,https://drive.google.com/file/d/1HDNvU0fJinlG7pJSFafjFLgMJ2ZEluX1/view,https://drive.google.com/file/d/1HDNvU0fJinlG7pJSFafjFLgMJ2ZEluX1/preview,https://drive.usercontent.google.com/download?id=1HDNvU0fJinlG7pJSFafjFLgMJ2ZEluX1&export=download&confirm=t,2026-08-08,,
DOD_111689759,INDEXED,1PWVjPXuV4qGeahH9n_ksWdLwirr-ZBhM,1Z8_NzOrfjXiQTsxkj0GEbUdr1SI5LjWM,https://drive.google.com/file/d/1PWVjPXuV4qGeahH9n_ksWdLwirr-ZBhM/view,https://drive.google.com/file/d/1PWVjPXuV4qGeahH9n_ksWdLwirr-ZBhM/preview,https://drive.usercontent.google.com/download?id=1PWVjPXuV4qGeahH9n_ksWdLwirr-ZBhM&export=download&confirm=t,2026-08-08,,
DOD_111764142-1920x1080-9000k,INDEXED,1FNKLlJr5-CK-IPgO7RGXuY8J3eAEMW2o,1Z8_NzOrfjXiQTsxkj0GEbUdr1SI5LjWM,https://drive.google.com/file/d/1FNKLlJr5-CK-IPgO7RGXuY8J3eAEMW2o/view,https://drive.google.com/file/d/1FNKLlJr5-CK-IPgO7RGXuY8J3eAEMW2o/preview,https://drive.usercontent.google.com/download?id=1FNKLlJr5-CK-IPgO7RGXuY8J3eAEMW2o&export=download&confirm=t,2026-08-08,,
DOD_111764148-1920x1080-9000k,INDEXED,1i5a0IWy-3FtDOva32bZt5KvmfPuEO4kP,1Z8_NzOrfjXiQTsxkj0GEbUdr1SI5LjWM,https://drive.google.com/file/d/1i5a0IWy-3FtDOva32bZt5KvmfPuEO4kP/view,https://drive.google.com/file/d/1i5a0IWy-3FtDOva32bZt5KvmfPuEO4kP/preview,https://drive.usercontent.google.com/download?id=1i5a0IWy-3FtDOva32bZt5KvmfPuEO4kP&export=download&confirm=t,2026-08-08,,
DOD_111764159-1920x1080-9000k,INDEXED,1jVrkX82F2nuUu71fGoQvX8DjwSsoPb_R,1Z8_NzOrfjXiQTsxkj0GEbUdr1SI5LjWM,https://drive.google.com/file/d/1jVrkX82F2nuUu71fGoQvX8DjwSsoPb_R/view,https://drive.google.com/file/d/1jVrkX82F2nuUu71fGoQvX8DjwSsoPb_R/preview,https://drive.usercontent.google.com/download?id=1jVrkX82F2nuUu71fGoQvX8DjwSsoPb_R&export=download&confirm=t,2026-08-08,,
DOD_111764177-1920x1080-9000k,INDEXED,1bOVMJNHdzRP7H94P7eZKwIyFBq88XbEy,1Z8_NzOrfjXiQTsxkj0GEbUdr1SI5LjWM,https://drive.google.com/file/d/1bOVMJNHdzRP7H94P7eZKwIyFBq88XbEy/view,https://drive.google.com/file/d/1bOVMJNHdzRP7H94P7eZKwIyFBq88XbEy/preview,https://drive.usercontent.google.com/download?id=1bOVMJNHdzRP7H94P7eZKwIyFBq88XbEy&export=download&confirm=t,2026-08-08,,
DOD_111764189-1920x1080-9000k,INDEXED,1v9jI0hFUO7c5qzzPeY2hfLo9tZuGbWMO,1Z8_NzOrfjXiQTsxkj0GEbUdr1SI5LjWM,https://drive.google.com/file/d/1v9jI0hFUO7c5qzzPeY2hfLo9tZuGbWMO/view,https://drive.google.com/file/d/1v9jI0hFUO7c5qzzPeY2hfLo9tZuGbWMO/preview,https://drive.usercontent.google.com/download?id=1v9jI0hFUO7c5qzzPeY2hfLo9tZuGbWMO&export=download&confirm=t,2026-08-08,,
DOD_111764213-1920x1080-9000k,INDEXED,1e5VOdQ8FJc_kq65XyhFgH8RKyVbp2Iaf,1Z8_NzOrfjXiQTsxkj0GEbUdr1SI5LjWM,https://drive.google.com/file/d/1e5VOdQ8FJc_kq65XyhFgH8RKyVbp2Iaf/view,https://drive.google.com/file/d/1e5VOdQ8FJc_kq65XyhFgH8RKyVbp2Iaf/preview,https://drive.usercontent.google.com/download?id=1e5VOdQ8FJc_kq65XyhFgH8RKyVbp2Iaf&export=download&confirm=t,2026-08-08,,
DOD_111764796-1920x1080-9000k,NOT_INGESTED,1x1kZHLqSWLx51L8ccLzAVsiQcS1m5BzI,0ANXFJdIidbpBUk9PVA,https://drive.google.com/file/d/1x1kZHLqSWLx51L8ccLzAVsiQcS1m5BzI/view,https://drive.google.com/file/d/1x1kZHLqSWLx51L8ccLzAVsiQcS1m5BzI/preview,https://drive.usercontent.google.com/download?id=1x1kZHLqSWLx51L8ccLzAVsiQcS1m5BzI&export=download&confirm=t,2026-08-08,,
DOD_111764902-1920x1080-9000k,INDEXED,1utRZSnOYsDI9lmLkhjT6yZavs6D7B0KV,1Z8_NzOrfjXiQTsxkj0GEbUdr1SI5LjWM,https://drive.google.com/file/d/1utRZSnOYsDI9lmLkhjT6yZavs6D7B0KV/view,https://drive.google.com/file/d/1utRZSnOYsDI9lmLkhjT6yZavs6D7B0KV/preview,https://drive.usercontent.google.com/download?id=1utRZSnOYsDI9lmLkhjT6yZavs6D7B0KV&export=download&confirm=t,2026-08-08,,
DOD_111764959-1920x1080-9000k,INDEXED,1QUBBQawQhqBvkYIunyOsTEY6DVyOjX-5,1Z8_NzOrfjXiQTsxkj0GEbUdr1SI5LjWM,https://drive.google.com/file/d/1QUBBQawQhqBvkYIunyOsTEY6DVyOjX-5/view,https://drive.google.com/file/d/1QUBBQawQhqBvkYIunyOsTEY6DVyOjX-5/preview,https://drive.usercontent.google.com/download?id=1QUBBQawQhqBvkYIunyOsTEY6DVyOjX-5&export=download&confirm=t,2026-08-08,,
DOD_111830004,INDEXED,1PH9Jun91CeYSA-qXvy20UXTeG76z2pru,1Z8_NzOrfjXiQTsxkj0GEbUdr1SI5LjWM,https://drive.google.com/file/d/1PH9Jun91CeYSA-qXvy20UXTeG76z2pru/view,https://drive.google.com/file/d/1PH9Jun91CeYSA-qXvy20UXTeG76z2pru/preview,https://drive.usercontent.google.com/download?id=1PH9Jun91CeYSA-qXvy20UXTeG76z2pru&export=download&confirm=t,2026-08-08,,
DOD_111830007,INDEXED,1JOkQaXDXVurjVfBl9rRcj-ncE68IYMjs,1Z8_NzOrfjXiQTsxkj0GEbUdr1SI5LjWM,https://drive.google.com/file/d/1JOkQaXDXVurjVfBl9rRcj-ncE68IYMjs/view,https://drive.google.com/file/d/1JOkQaXDXVurjVfBl9rRcj-ncE68IYMjs/preview,https://drive.usercontent.google.com/download?id=1JOkQaXDXVurjVfBl9rRcj-ncE68IYMjs&export=download&confirm=t,2026-08-08,,
DOD_111830012,INDEXED,1k2tvkWYvbO5wHPETdwu0mbald1en8urf,1Z8_NzOrfjXiQTsxkj0GEbUdr1SI5LjWM,https://drive.google.com/file/d/1k2tvkWYvbO5wHPETdwu0mbald1en8urf/view,https://drive.google.com/file/d/1k2tvkWYvbO5wHPETdwu0mbald1en8urf/preview,https://drive.usercontent.google.com/download?id=1k2tvkWYvbO5wHPETdwu0mbald1en8urf&export=download&confirm=t,2026-08-08,,
DOD_111830015,INDEXED,1-pYTNu77DvH_wX6HQseBGUnDWmFF1dQf,1Z8_NzOrfjXiQTsxkj0GEbUdr1SI5LjWM,https://drive.google.com/file/d/1-pYTNu77DvH_wX6HQseBGUnDWmFF1dQf/view,https://drive.google.com/file/d/1-pYTNu77DvH_wX6HQseBGUnDWmFF1dQf/preview,https://drive.usercontent.google.com/download?id=1-pYTNu77DvH_wX6HQseBGUnDWmFF1dQf&export=download&confirm=t,2026-08-08,,
DOD_111830020,INDEXED,1bTFcwOzeem-JcVd2NzaDZmzrWLcrAh4q,1Z8_NzOrfjXiQTsxkj0GEbUdr1SI5LjWM,https://drive.google.com/file/d/1bTFcwOzeem-JcVd2NzaDZmzrWLcrAh4q/view,https://drive.google.com/file/d/1bTFcwOzeem-JcVd2NzaDZmzrWLcrAh4q/preview,https://drive.usercontent.google.com/download?id=1bTFcwOzeem-JcVd2NzaDZmzrWLcrAh4q&export=download&confirm=t,2026-08-08,,
DOD_111830027,INDEXED,154N9tlAmr7RRdaAjY17QkyF6Gdw7lzaZ,1Z8_NzOrfjXiQTsxkj0GEbUdr1SI5LjWM,https://drive.google.com/file/d/154N9tlAmr7RRdaAjY17QkyF6Gdw7lzaZ/view,https://drive.google.com/file/d/154N9tlAmr7RRdaAjY17QkyF6Gdw7lzaZ/preview,https://drive.usercontent.google.com/download?id=154N9tlAmr7RRdaAjY17QkyF6Gdw7lzaZ&export=download&confirm=t,2026-08-08,,
DOD_111830028,INDEXED,19W4ZhiwGGQ-UpmaT1kZw9LJFiaqxUxaE,1Z8_NzOrfjXiQTsxkj0GEbUdr1SI5LjWM,https://drive.google.com/file/d/19W4ZhiwGGQ-UpmaT1kZw9LJFiaqxUxaE/view,https://drive.google.com/file/d/19W4ZhiwGGQ-UpmaT1kZw9LJFiaqxUxaE/preview,https://drive.usercontent.google.com/download?id=19W4ZhiwGGQ-UpmaT1kZw9LJFiaqxUxaE&export=download&confirm=t,2026-08-08,,
DOD_111830030,INDEXED,1SZZo2OJwO262p_BZm4rUxKA6wLyPt0mt,1Z8_NzOrfjXiQTsxkj0GEbUdr1SI5LjWM,https://drive.google.com/file/d/1SZZo2OJwO262p_BZm4rUxKA6wLyPt0mt/view,https://drive.google.com/file/d/1SZZo2OJwO262p_BZm4rUxKA6wLyPt0mt/preview,https://drive.usercontent.google.com/download?id=1SZZo2OJwO262p_BZm4rUxKA6wLyPt0mt&export=download&confirm=t,2026-08-08,,
DOD_111830034,INDEXED,1eES7oGVPR42KhdKz2FibWyre8rD75RaZ,1Z8_NzOrfjXiQTsxkj0GEbUdr1SI5LjWM,https://drive.google.com/file/d/1eES7oGVPR42KhdKz2FibWyre8rD75RaZ/view,https://drive.google.com/file/d/1eES7oGVPR42KhdKz2FibWyre8rD75RaZ/preview,https://drive.usercontent.google.com/download?id=1eES7oGVPR42KhdKz2FibWyre8rD75RaZ&export=download&confirm=t,2026-08-08,,
DOD_111830041,INDEXED,1SKstWeWAI3Utzf8U9r0pu3WxwRzYGGZ-,1Z8_NzOrfjXiQTsxkj0GEbUdr1SI5LjWM,https://drive.google.com/file/d/1SKstWeWAI3Utzf8U9r0pu3WxwRzYGGZ-/view,https://drive.google.com/file/d/1SKstWeWAI3Utzf8U9r0pu3WxwRzYGGZ-/preview,https://drive.usercontent.google.com/download?id=1SKstWeWAI3Utzf8U9r0pu3WxwRzYGGZ-&export=download&confirm=t,2026-08-08,,
DOD_111830058,INDEXED,1080_QVvG4R5_CjrDwKneePIyO0EnJwRO,1Z8_NzOrfjXiQTsxkj0GEbUdr1SI5LjWM,https://drive.google.com/file/d/1080_QVvG4R5_CjrDwKneePIyO0EnJwRO/view,https://drive.google.com/file/d/1080_QVvG4R5_CjrDwKneePIyO0EnJwRO/preview,https://drive.usercontent.google.com/download?id=1080_QVvG4R5_CjrDwKneePIyO0EnJwRO&export=download&confirm=t,2026-08-08,,
DOD_111830063,INDEXED,1RGZVMjQI03LVa_E_VZ70eor85Iz569B5,1Z8_NzOrfjXiQTsxkj0GEbUdr1SI5LjWM,https://drive.google.com/file/d/1RGZVMjQI03LVa_E_VZ70eor85Iz569B5/view,https://drive.google.com/file/d/1RGZVMjQI03LVa_E_VZ70eor85Iz569B5/preview,https://drive.usercontent.google.com/download?id=1RGZVMjQI03LVa_E_VZ70eor85Iz569B5&export=download&confirm=t,2026-08-08,,
DOD_111830065,INDEXED,1l9Vqpbm_Oj1KazsdwjIqIn06d2cu5zoV,1Z8_NzOrfjXiQTsxkj0GEbUdr1SI5LjWM,https://drive.google.com/file/d/1l9Vqpbm_Oj1KazsdwjIqIn06d2cu5zoV/view,https://drive.google.com/file/d/1l9Vqpbm_Oj1KazsdwjIqIn06d2cu5zoV/preview,https://drive.usercontent.google.com/download?id=1l9Vqpbm_Oj1KazsdwjIqIn06d2cu5zoV&export=download&confirm=t,2026-08-08,,
DOD_111830069,INDEXED,1iMWSu8r86C1wJgDWZlucxTgR78KSdRx3,1Z8_NzOrfjXiQTsxkj0GEbUdr1SI5LjWM,https://drive.google.com/file/d/1iMWSu8r86C1wJgDWZlucxTgR78KSdRx3/view,https://drive.google.com/file/d/1iMWSu8r86C1wJgDWZlucxTgR78KSdRx3/preview,https://drive.usercontent.google.com/download?id=1iMWSu8r86C1wJgDWZlucxTgR78KSdRx3&export=download&confirm=t,2026-08-08,,
DOD_111830075,INDEXED,1TIDTwUGci3B99xhz_rQsXFXNCMnWuBXj,1Z8_NzOrfjXiQTsxkj0GEbUdr1SI5LjWM,https://drive.google.com/file/d/1TIDTwUGci3B99xhz_rQsXFXNCMnWuBXj/view,https://drive.google.com/file/d/1TIDTwUGci3B99xhz_rQsXFXNCMnWuBXj/preview,https://drive.usercontent.google.com/download?id=1TIDTwUGci3B99xhz_rQsXFXNCMnWuBXj&export=download&confirm=t,2026-08-08,,
DOD_111830080,INDEXED,1XFTp1U96IJVuD32H4_7numrGjZK_peIp,1Z8_NzOrfjXiQTsxkj0GEbUdr1SI5LjWM,https://drive.google.com/file/d/1XFTp1U96IJVuD32H4_7numrGjZK_peIp/view,https://drive.google.com/file/d/1XFTp1U96IJVuD32H4_7numrGjZK_peIp/preview,https://drive.usercontent.google.com/download?id=1XFTp1U96IJVuD32H4_7numrGjZK_peIp&export=download&confirm=t,2026-08-08,,
DOD_111830085,INDEXED,1S4Lf6fo9JgHLBjXPCV4EojKvylcHN-c0,1Z8_NzOrfjXiQTsxkj0GEbUdr1SI5LjWM,https://drive.google.com/file/d/1S4Lf6fo9JgHLBjXPCV4EojKvylcHN-c0/view,https://drive.google.com/file/d/1S4Lf6fo9JgHLBjXPCV4EojKvylcHN-c0/preview,https://drive.usercontent.google.com/download?id=1S4Lf6fo9JgHLBjXPCV4EojKvylcHN-c0&export=download&confirm=t,2026-08-08,,
DOD_111830092,INDEXED,15ZT-Cgv1JS8MvusExEwwQp_4ps6EhGlM,1Z8_NzOrfjXiQTsxkj0GEbUdr1SI5LjWM,https://drive.google.com/file/d/15ZT-Cgv1JS8MvusExEwwQp_4ps6EhGlM/view,https://drive.google.com/file/d/15ZT-Cgv1JS8MvusExEwwQp_4ps6EhGlM/preview,https://drive.usercontent.google.com/download?id=15ZT-Cgv1JS8MvusExEwwQp_4ps6EhGlM&export=download&confirm=t,2026-08-08,,
DOD_111830133,INDEXED,1W1hODg5h7MN9_aSct8FJ4ujSRUtd0YaL,1Z8_NzOrfjXiQTsxkj0GEbUdr1SI5LjWM,https://drive.google.com/file/d/1W1hODg5h7MN9_aSct8FJ4ujSRUtd0YaL/view,https://drive.google.com/file/d/1W1hODg5h7MN9_aSct8FJ4ujSRUtd0YaL/preview,https://drive.usercontent.google.com/download?id=1W1hODg5h7MN9_aSct8FJ4ujSRUtd0YaL&export=download&confirm=t,2026-08-08,,
DOD_111830143,INDEXED,1DZ2f1Jbob7lBxsTB0gyp1aPnbFCn6BbV,1Z8_NzOrfjXiQTsxkj0GEbUdr1SI5LjWM,https://drive.google.com/file/d/1DZ2f1Jbob7lBxsTB0gyp1aPnbFCn6BbV/view,https://drive.google.com/file/d/1DZ2f1Jbob7lBxsTB0gyp1aPnbFCn6BbV/preview,https://drive.usercontent.google.com/download?id=1DZ2f1Jbob7lBxsTB0gyp1aPnbFCn6BbV&export=download&confirm=t,2026-08-08,,
DOD_111830147,INDEXED,1JayC4_dsuKbqqrcnIGaETt9ziqDjF42H,1Z8_NzOrfjXiQTsxkj0GEbUdr1SI5LjWM,https://drive.google.com/file/d/1JayC4_dsuKbqqrcnIGaETt9ziqDjF42H/view,https://drive.google.com/file/d/1JayC4_dsuKbqqrcnIGaETt9ziqDjF42H/preview,https://drive.usercontent.google.com/download?id=1JayC4_dsuKbqqrcnIGaETt9ziqDjF42H&export=download&confirm=t,2026-08-08,,
DOD_111830151,INDEXED,1tCA8i48nu0FjbNPIdMpOcEnBKLTijjWV,1Z8_NzOrfjXiQTsxkj0GEbUdr1SI5LjWM,https://drive.google.com/file/d/1tCA8i48nu0FjbNPIdMpOcEnBKLTijjWV/view,https://drive.google.com/file/d/1tCA8i48nu0FjbNPIdMpOcEnBKLTijjWV/preview,https://drive.usercontent.google.com/download?id=1tCA8i48nu0FjbNPIdMpOcEnBKLTijjWV&export=download&confirm=t,2026-08-08,,
DOD_111830201,INDEXED,1ekh31fRJ1PZHi6WiqPQadwxiPhIEb1ZS,1Z8_NzOrfjXiQTsxkj0GEbUdr1SI5LjWM,https://drive.google.com/file/d/1ekh31fRJ1PZHi6WiqPQadwxiPhIEb1ZS/view,https://drive.google.com/file/d/1ekh31fRJ1PZHi6WiqPQadwxiPhIEb1ZS/preview,https://drive.usercontent.google.com/download?id=1ekh31fRJ1PZHi6WiqPQadwxiPhIEb1ZS&export=download&confirm=t,2026-08-08,,
DOD_111887376,INDEXED,1tKeuVkd6wQWLDRYRyXCCGwjvgPUK_Mra,1Z8_NzOrfjXiQTsxkj0GEbUdr1SI5LjWM,https://drive.google.com/file/d/1tKeuVkd6wQWLDRYRyXCCGwjvgPUK_Mra/view,https://drive.google.com/file/d/1tKeuVkd6wQWLDRYRyXCCGwjvgPUK_Mra/preview,https://drive.usercontent.google.com/download?id=1tKeuVkd6wQWLDRYRyXCCGwjvgPUK_Mra&export=download&confirm=t,2026-08-08,,
DOD_111887380,INDEXED,1Oum-eagpkSy0CSHlnM4tbdzzMOHJ5tH3,1Z8_NzOrfjXiQTsxkj0GEbUdr1SI5LjWM,https://drive.google.com/file/d/1Oum-eagpkSy0CSHlnM4tbdzzMOHJ5tH3/view,https://drive.google.com/file/d/1Oum-eagpkSy0CSHlnM4tbdzzMOHJ5tH3/preview,https://drive.usercontent.google.com/download?id=1Oum-eagpkSy0CSHlnM4tbdzzMOHJ5tH3&export=download&confirm=t,2026-08-08,,
DOD_111887384,NOT_INGESTED,18bCzFkI-l8QGTVBg9_vRPK3GO44E3Xq_,0ANXFJdIidbpBUk9PVA,https://drive.google.com/file/d/18bCzFkI-l8QGTVBg9_vRPK3GO44E3Xq_/view,https://drive.google.com/file/d/18bCzFkI-l8QGTVBg9_vRPK3GO44E3Xq_/preview,https://drive.usercontent.google.com/download?id=18bCzFkI-l8QGTVBg9_vRPK3GO44E3Xq_&export=download&confirm=t,2026-08-08,,
DOD_111887390,INDEXED,1HWqEvqZGR48Nh0Zy5fyHXiU8nqBkj_VD,1Z8_NzOrfjXiQTsxkj0GEbUdr1SI5LjWM,https://drive.google.com/file/d/1HWqEvqZGR48Nh0Zy5fyHXiU8nqBkj_VD/view,https://drive.google.com/file/d/1HWqEvqZGR48Nh0Zy5fyHXiU8nqBkj_VD/preview,https://drive.usercontent.google.com/download?id=1HWqEvqZGR48Nh0Zy5fyHXiU8nqBkj_VD&export=download&confirm=t,2026-08-08,,
DOD_111887401,INDEXED,1Tds0grPe8LRH6p7_UzPrzPCIjLuxySqK,1Z8_NzOrfjXiQTsxkj0GEbUdr1SI5LjWM,https://drive.google.com/file/d/1Tds0grPe8LRH6p7_UzPrzPCIjLuxySqK/view,https://drive.google.com/file/d/1Tds0grPe8LRH6p7_UzPrzPCIjLuxySqK/preview,https://drive.usercontent.google.com/download?id=1Tds0grPe8LRH6p7_UzPrzPCIjLuxySqK&export=download&confirm=t,2026-08-08,,
DOD_111887407,INDEXED,1MlTQJ5yRR7-ourdkAHGWdW8oU29FCkbt,1Z8_NzOrfjXiQTsxkj0GEbUdr1SI5LjWM,https://drive.google.com/file/d/1MlTQJ5yRR7-ourdkAHGWdW8oU29FCkbt/view,https://drive.google.com/file/d/1MlTQJ5yRR7-ourdkAHGWdW8oU29FCkbt/preview,https://drive.usercontent.google.com/download?id=1MlTQJ5yRR7-ourdkAHGWdW8oU29FCkbt&export=download&confirm=t,2026-08-08,,
DOD_111887413,INDEXED,1sbWZZQFz7XLAQkqwnpO2hwhtawgpL0Gr,1Z8_NzOrfjXiQTsxkj0GEbUdr1SI5LjWM,https://drive.google.com/file/d/1sbWZZQFz7XLAQkqwnpO2hwhtawgpL0Gr/view,https://drive.google.com/file/d/1sbWZZQFz7XLAQkqwnpO2hwhtawgpL0Gr/preview,https://drive.usercontent.google.com/download?id=1sbWZZQFz7XLAQkqwnpO2hwhtawgpL0Gr&export=download&confirm=t,2026-08-08,,
DOD_111887419,INDEXED,1kJDnZ_nH_gTHh_x8J9TIcHD2Y4Fp044Q,1Z8_NzOrfjXiQTsxkj0GEbUdr1SI5LjWM,https://drive.google.com/file/d/1kJDnZ_nH_gTHh_x8J9TIcHD2Y4Fp044Q/view,https://drive.google.com/file/d/1kJDnZ_nH_gTHh_x8J9TIcHD2Y4Fp044Q/preview,https://drive.usercontent.google.com/download?id=1kJDnZ_nH_gTHh_x8J9TIcHD2Y4Fp044Q&export=download&confirm=t,2026-08-08,,
DOD_111887421,INDEXED,1lC4OWifYvEBtPOsugmJ_n-X7j5zxfQbk,1Z8_NzOrfjXiQTsxkj0GEbUdr1SI5LjWM,https://drive.google.com/file/d/1lC4OWifYvEBtPOsugmJ_n-X7j5zxfQbk/view,https://drive.google.com/file/d/1lC4OWifYvEBtPOsugmJ_n-X7j5zxfQbk/preview,https://drive.usercontent.google.com/download?id=1lC4OWifYvEBtPOsugmJ_n-X7j5zxfQbk&export=download&confirm=t,2026-08-08,,
DOD_111887426,INDEXED,1XZCH43hLYqI8KbZrb1LSir0Mndl-eh0B,1Z8_NzOrfjXiQTsxkj0GEbUdr1SI5LjWM,https://drive.google.com/file/d/1XZCH43hLYqI8KbZrb1LSir0Mndl-eh0B/view,https://drive.google.com/file/d/1XZCH43hLYqI8KbZrb1LSir0Mndl-eh0B/preview,https://drive.usercontent.google.com/download?id=1XZCH43hLYqI8KbZrb1LSir0Mndl-eh0B&export=download&confirm=t,2026-08-08,,
DOD_111887427,INDEXED,1g-ElrRdXfFH3PA6TNES5y3hs967Pk3-B,1Z8_NzOrfjXiQTsxkj0GEbUdr1SI5LjWM,https://drive.google.com/file/d/1g-ElrRdXfFH3PA6TNES5y3hs967Pk3-B/view,https://drive.google.com/file/d/1g-ElrRdXfFH3PA6TNES5y3hs967Pk3-B/preview,https://drive.usercontent.google.com/download?id=1g-ElrRdXfFH3PA6TNES5y3hs967Pk3-B&export=download&confirm=t,2026-08-08,,
DOD_111887430,INDEXED,1GSMoDaDyvPtqTKMcUsNK5F63rUKbdU05,1Z8_NzOrfjXiQTsxkj0GEbUdr1SI5LjWM,https://drive.google.com/file/d/1GSMoDaDyvPtqTKMcUsNK5F63rUKbdU05/view,https://drive.google.com/file/d/1GSMoDaDyvPtqTKMcUsNK5F63rUKbdU05/preview,https://drive.usercontent.google.com/download?id=1GSMoDaDyvPtqTKMcUsNK5F63rUKbdU05&export=download&confirm=t,2026-08-08,,
DOD_111887439,INDEXED,1Jr9e7RbRj4YZrfSmnbSGBveX5X42lysu,1Z8_NzOrfjXiQTsxkj0GEbUdr1SI5LjWM,https://drive.google.com/file/d/1Jr9e7RbRj4YZrfSmnbSGBveX5X42lysu/view,https://drive.google.com/file/d/1Jr9e7RbRj4YZrfSmnbSGBveX5X42lysu/preview,https://drive.usercontent.google.com/download?id=1Jr9e7RbRj4YZrfSmnbSGBveX5X42lysu&export=download&confirm=t,2026-08-08,,
DOD_111887446,INDEXED,1yoPiL1UmlQHfEY4VLMX_Q5XJh232HAX3,1Z8_NzOrfjXiQTsxkj0GEbUdr1SI5LjWM,https://drive.google.com/file/d/1yoPiL1UmlQHfEY4VLMX_Q5XJh232HAX3/view,https://drive.google.com/file/d/1yoPiL1UmlQHfEY4VLMX_Q5XJh232HAX3/preview,https://drive.usercontent.google.com/download?id=1yoPiL1UmlQHfEY4VLMX_Q5XJh232HAX3&export=download&confirm=t,2026-08-08,,
DOD_111887456,INDEXED,1sxKng5TWdXDFuGsckMKsniyvCdpHNhLb,1Z8_NzOrfjXiQTsxkj0GEbUdr1SI5LjWM,https://drive.google.com/file/d/1sxKng5TWdXDFuGsckMKsniyvCdpHNhLb/view,https://drive.google.com/file/d/1sxKng5TWdXDFuGsckMKsniyvCdpHNhLb/preview,https://drive.usercontent.google.com/download?id=1sxKng5TWdXDFuGsckMKsniyvCdpHNhLb&export=download&confirm=t,2026-08-08,,
DOD_111887460,INDEXED,1Be4iXk6KrhikNvrR7DYqly6E5EkfqBtI,1Z8_NzOrfjXiQTsxkj0GEbUdr1SI5LjWM,https://drive.google.com/file/d/1Be4iXk6KrhikNvrR7DYqly6E5EkfqBtI/view,https://drive.google.com/file/d/1Be4iXk6KrhikNvrR7DYqly6E5EkfqBtI/preview,https://drive.usercontent.google.com/download?id=1Be4iXk6KrhikNvrR7DYqly6E5EkfqBtI&export=download&confirm=t,2026-08-08,,
video_2605_DOD_111719709_DOD_111719709,INDEXED,1KoVVTnxJh8ji1N5P0hwaCOs4Nb-_OeNd,1Z8_NzOrfjXiQTsxkj0GEbUdr1SI5LjWM,https://drive.google.com/file/d/1KoVVTnxJh8ji1N5P0hwaCOs4Nb-_OeNd/view,https://drive.google.com/file/d/1KoVVTnxJh8ji1N5P0hwaCOs4Nb-_OeNd/preview,https://drive.usercontent.google.com/download?id=1KoVVTnxJh8ji1N5P0hwaCOs4Nb-_OeNd&export=download&confirm=t,2026-08-08,,
video_2605_DOD_111719715_DOD_111719715,INDEXED,1LRUXsvOgwaGfGdV9JisymIB7f41cPTH5,1Z8_NzOrfjXiQTsxkj0GEbUdr1SI5LjWM,https://drive.google.com/file/d/1LRUXsvOgwaGfGdV9JisymIB7f41cPTH5/view,https://drive.google.com/file/d/1LRUXsvOgwaGfGdV9JisymIB7f41cPTH5/preview,https://drive.usercontent.google.com/download?id=1LRUXsvOgwaGfGdV9JisymIB7f41cPTH5&export=download&confirm=t,2026-08-08,,
video_2605_DOD_111719718_DOD_111719718,NOT_INGESTED,1rUrhqXbR6fZbZ7YIVuCLBB-anh13bOww,1Z8_NzOrfjXiQTsxkj0GEbUdr1SI5LjWM,https://drive.google.com/file/d/1rUrhqXbR6fZbZ7YIVuCLBB-anh13bOww/view,https://drive.google.com/file/d/1rUrhqXbR6fZbZ7YIVuCLBB-anh13bOww/preview,https://drive.usercontent.google.com/download?id=1rUrhqXbR6fZbZ7YIVuCLBB-anh13bOww&export=download&confirm=t,2026-08-08,,
video_2605_DOD_111719723_DOD_111719723,INDEXED,1mWDaZshDwXVFKitpwWDC-Q6wXKAFX47A,1Z8_NzOrfjXiQTsxkj0GEbUdr1SI5LjWM,https://drive.google.com/file/d/1mWDaZshDwXVFKitpwWDC-Q6wXKAFX47A/view,https://drive.google.com/file/d/1mWDaZshDwXVFKitpwWDC-Q6wXKAFX47A/preview,https://drive.usercontent.google.com/download?id=1mWDaZshDwXVFKitpwWDC-Q6wXKAFX47A&export=download&confirm=t,2026-08-08,,
video_2605_DOD_111719726_DOD_111719726,INDEXED,1WbE-ZT96zce5QAKbu9mMyBlLsWgADQTP,1Z8_NzOrfjXiQTsxkj0GEbUdr1SI5LjWM,https://drive.google.com/file/d/1WbE-ZT96zce5QAKbu9mMyBlLsWgADQTP/view,https://drive.google.com/file/d/1WbE-ZT96zce5QAKbu9mMyBlLsWgADQTP/preview,https://drive.usercontent.google.com/download?id=1WbE-ZT96zce5QAKbu9mMyBlLsWgADQTP&export=download&confirm=t,2026-08-08,,
video_2605_DOD_111719730_DOD_111719730,INDEXED,186hBGOhGgeXq7cV4mV_nlVr7IfWqPtCP,1Z8_NzOrfjXiQTsxkj0GEbUdr1SI5LjWM,https://drive.google.com/file/d/186hBGOhGgeXq7cV4mV_nlVr7IfWqPtCP/view,https://drive.google.com/file/d/186hBGOhGgeXq7cV4mV_nlVr7IfWqPtCP/preview,https://drive.usercontent.google.com/download?id=186hBGOhGgeXq7cV4mV_nlVr7IfWqPtCP&export=download&confirm=t,2026-08-08,,
video_2605_DOD_111719732_DOD_111719732,INDEXED,1ZxiTS36j2d7_apySpveaIupV_UXMDetB,1Z8_NzOrfjXiQTsxkj0GEbUdr1SI5LjWM,https://drive.google.com/file/d/1ZxiTS36j2d7_apySpveaIupV_UXMDetB/view,https://drive.google.com/file/d/1ZxiTS36j2d7_apySpveaIupV_UXMDetB/preview,https://drive.usercontent.google.com/download?id=1ZxiTS36j2d7_apySpveaIupV_UXMDetB&export=download&confirm=t,2026-08-08,,
video_2605_DOD_111719736_DOD_111719736,INDEXED,19mAIjmLW8mzkd1-KivE7bvqOfbq8z4wf,1Z8_NzOrfjXiQTsxkj0GEbUdr1SI5LjWM,https://drive.google.com/file/d/19mAIjmLW8mzkd1-KivE7bvqOfbq8z4wf/view,https://drive.google.com/file/d/19mAIjmLW8mzkd1-KivE7bvqOfbq8z4wf/preview,https://drive.usercontent.google.com/download?id=19mAIjmLW8mzkd1-KivE7bvqOfbq8z4wf&export=download&confirm=t,2026-08-08,,
video_2605_DOD_111719739_DOD_111719739,INDEXED,1Z7HGlDLax2Z5HNt8pCOReQeFcKXJqpxw,1Z8_NzOrfjXiQTsxkj0GEbUdr1SI5LjWM,https://drive.google.com/file/d/1Z7HGlDLax2Z5HNt8pCOReQeFcKXJqpxw/view,https://drive.google.com/file/d/1Z7HGlDLax2Z5HNt8pCOReQeFcKXJqpxw/preview,https://drive.usercontent.google.com/download?id=1Z7HGlDLax2Z5HNt8pCOReQeFcKXJqpxw&export=download&confirm=t,2026-08-08,,
video_2605_DOD_111719741_DOD_111719741,INDEXED,1_Cn37zPYTumCxSREvUE5KWePzvZsew49,1Z8_NzOrfjXiQTsxkj0GEbUdr1SI5LjWM,https://drive.google.com/file/d/1_Cn37zPYTumCxSREvUE5KWePzvZsew49/view,https://drive.google.com/file/d/1_Cn37zPYTumCxSREvUE5KWePzvZsew49/preview,https://drive.usercontent.google.com/download?id=1_Cn37zPYTumCxSREvUE5KWePzvZsew49&export=download&confirm=t,2026-08-08,,
video_2605_DOD_111719746_DOD_111719746,INDEXED,1Da6Mw06YmFhzFf_9za7d6pjbHZLC6bvt,1Z8_NzOrfjXiQTsxkj0GEbUdr1SI5LjWM,https://drive.google.com/file/d/1Da6Mw06YmFhzFf_9za7d6pjbHZLC6bvt/view,https://drive.google.com/file/d/1Da6Mw06YmFhzFf_9za7d6pjbHZLC6bvt/preview,https://drive.usercontent.google.com/download?id=1Da6Mw06YmFhzFf_9za7d6pjbHZLC6bvt&export=download&confirm=t,2026-08-08,,
video_2605_DOD_111719752_DOD_111719752,INDEXED,15UAk6-lCdA0mXL-2mCiQqXTQNvP-mUsl,1Z8_NzOrfjXiQTsxkj0GEbUdr1SI5LjWM,https://drive.google.com/file/d/15UAk6-lCdA0mXL-2mCiQqXTQNvP-mUsl/view,https://drive.google.com/file/d/15UAk6-lCdA0mXL-2mCiQqXTQNvP-mUsl/preview,https://drive.usercontent.google.com/download?id=15UAk6-lCdA0mXL-2mCiQqXTQNvP-mUsl&export=download&confirm=t,2026-08-08,,
video_2605_DOD_111719795_DOD_111719795,INDEXED,1KKyYjDKOxH1WdBUaDzZbITWVD0_PUs-k,1Z8_NzOrfjXiQTsxkj0GEbUdr1SI5LjWM,https://drive.google.com/file/d/1KKyYjDKOxH1WdBUaDzZbITWVD0_PUs-k/view,https://drive.google.com/file/d/1KKyYjDKOxH1WdBUaDzZbITWVD0_PUs-k/preview,https://drive.usercontent.google.com/download?id=1KKyYjDKOxH1WdBUaDzZbITWVD0_PUs-k&export=download&confirm=t,2026-08-08,,
video_2605_DOD_111719799_DOD_111719799,INDEXED,10INvK6-2EnJyp8f9QlyKbOnKs1jf2wH3,1Z8_NzOrfjXiQTsxkj0GEbUdr1SI5LjWM,https://drive.google.com/file/d/10INvK6-2EnJyp8f9QlyKbOnKs1jf2wH3/view,https://drive.google.com/file/d/10INvK6-2EnJyp8f9QlyKbOnKs1jf2wH3/preview,https://drive.usercontent.google.com/download?id=10INvK6-2EnJyp8f9QlyKbOnKs1jf2wH3&export=download&confirm=t,2026-08-08,,
video_2605_DOD_111719800_DOD_111719800,NOT_INGESTED,1iXIhpguyP0kbS7kFUiLL7AqYs80gOENk,1Z8_NzOrfjXiQTsxkj0GEbUdr1SI5LjWM,https://drive.google.com/file/d/1iXIhpguyP0kbS7kFUiLL7AqYs80gOENk/view,https://drive.google.com/file/d/1iXIhpguyP0kbS7kFUiLL7AqYs80gOENk/preview,https://drive.usercontent.google.com/download?id=1iXIhpguyP0kbS7kFUiLL7AqYs80gOENk&export=download&confirm=t,2026-08-08,,
video_2605_DOD_111719804_DOD_111719804,INDEXED,1OjQZ85Fpn6qYTiGgUqL-WWM5vXotqNdB,1Z8_NzOrfjXiQTsxkj0GEbUdr1SI5LjWM,https://drive.google.com/file/d/1OjQZ85Fpn6qYTiGgUqL-WWM5vXotqNdB/view,https://drive.google.com/file/d/1OjQZ85Fpn6qYTiGgUqL-WWM5vXotqNdB/preview,https://drive.usercontent.google.com/download?id=1OjQZ85Fpn6qYTiGgUqL-WWM5vXotqNdB&export=download&confirm=t,2026-08-08,,
video_2605_DOD_111719807_DOD_111719807,INDEXED,18xZK--G1Ci0wdxsh4qEkhoQG9Obo5haA,1Z8_NzOrfjXiQTsxkj0GEbUdr1SI5LjWM,https://drive.google.com/file/d/18xZK--G1Ci0wdxsh4qEkhoQG9Obo5haA/view,https://drive.google.com/file/d/18xZK--G1Ci0wdxsh4qEkhoQG9Obo5haA/preview,https://drive.usercontent.google.com/download?id=18xZK--G1Ci0wdxsh4qEkhoQG9Obo5haA&export=download&confirm=t,2026-08-08,,
video_2605_DOD_111719809_DOD_111719809,INDEXED,1VPZ0vUDMWtNvkaKnmsTQhvd5i3KyZEDZ,1Z8_NzOrfjXiQTsxkj0GEbUdr1SI5LjWM,https://drive.google.com/file/d/1VPZ0vUDMWtNvkaKnmsTQhvd5i3KyZEDZ/view,https://drive.google.com/file/d/1VPZ0vUDMWtNvkaKnmsTQhvd5i3KyZEDZ/preview,https://drive.usercontent.google.com/download?id=1VPZ0vUDMWtNvkaKnmsTQhvd5i3KyZEDZ&export=download&confirm=t,2026-08-08,,
video_2605_DOD_111719813_DOD_111719813,INDEXED,1kWjy9U8lzxWJhUqnZLa0LvKmuu-GHDQg,1Z8_NzOrfjXiQTsxkj0GEbUdr1SI5LjWM,https://drive.google.com/file/d/1kWjy9U8lzxWJhUqnZLa0LvKmuu-GHDQg/view,https://drive.google.com/file/d/1kWjy9U8lzxWJhUqnZLa0LvKmuu-GHDQg/preview,https://drive.usercontent.google.com/download?id=1kWjy9U8lzxWJhUqnZLa0LvKmuu-GHDQg&export=download&confirm=t,2026-08-08,,
video_2605_DOD_111719823_DOD_111719823,NOT_INGESTED,1PhMN2KdiNgWJnxAt6AQSmfwl7RpLqyNP,1Z8_NzOrfjXiQTsxkj0GEbUdr1SI5LjWM,https://drive.google.com/file/d/1PhMN2KdiNgWJnxAt6AQSmfwl7RpLqyNP/view,https://drive.google.com/file/d/1PhMN2KdiNgWJnxAt6AQSmfwl7RpLqyNP/preview,https://drive.usercontent.google.com/download?id=1PhMN2KdiNgWJnxAt6AQSmfwl7RpLqyNP&export=download&confirm=t,2026-08-08,,
video_2605_DOD_111719828_DOD_111719828,INDEXED,11yT3L_cZO70W8tdvUuXkgt04aHVmpP7B,1Z8_NzOrfjXiQTsxkj0GEbUdr1SI5LjWM,https://drive.google.com/file/d/11yT3L_cZO70W8tdvUuXkgt04aHVmpP7B/view,https://drive.google.com/file/d/11yT3L_cZO70W8tdvUuXkgt04aHVmpP7B/preview,https://drive.usercontent.google.com/download?id=11yT3L_cZO70W8tdvUuXkgt04aHVmpP7B&export=download&confirm=t,2026-08-08,,
video_2605_DOD_111719833_DOD_111719833,NOT_INGESTED,1yWSwE7G6vLitQaY0Eg5Z_e_EQH0-RjdP,1Z8_NzOrfjXiQTsxkj0GEbUdr1SI5LjWM,https://drive.google.com/file/d/1yWSwE7G6vLitQaY0Eg5Z_e_EQH0-RjdP/view,https://drive.google.com/file/d/1yWSwE7G6vLitQaY0Eg5Z_e_EQH0-RjdP/preview,https://drive.usercontent.google.com/download?id=1yWSwE7G6vLitQaY0Eg5Z_e_EQH0-RjdP&export=download&confirm=t,2026-08-08,,
video_2605_DOD_111719835_DOD_111719835,INDEXED,1mDjBispSV5HHM7ztKvrLDoZAIDsOmvcG,1Z8_NzOrfjXiQTsxkj0GEbUdr1SI5LjWM,https://drive.google.com/file/d/1mDjBispSV5HHM7ztKvrLDoZAIDsOmvcG/view,https://drive.google.com/file/d/1mDjBispSV5HHM7ztKvrLDoZAIDsOmvcG/preview,https://drive.usercontent.google.com/download?id=1mDjBispSV5HHM7ztKvrLDoZAIDsOmvcG&export=download&confirm=t,2026-08-08,,
video_2605_DOD_111719847_DOD_111719847,INDEXED,1vcgVHLHQoXrA9cjZsrrtp23DfQ08AYO2,1Z8_NzOrfjXiQTsxkj0GEbUdr1SI5LjWM,https://drive.google.com/file/d/1vcgVHLHQoXrA9cjZsrrtp23DfQ08AYO2/view,https://drive.google.com/file/d/1vcgVHLHQoXrA9cjZsrrtp23DfQ08AYO2/preview,https://drive.usercontent.google.com/download?id=1vcgVHLHQoXrA9cjZsrrtp23DfQ08AYO2&export=download&confirm=t,2026-08-08,,
video_2605_DOD_111719850_DOD_111719850,NOT_INGESTED,1vCLsw-W-aQ5AbMqY1zZqvRXNmDxQYCCR,1Z8_NzOrfjXiQTsxkj0GEbUdr1SI5LjWM,https://drive.google.com/file/d/1vCLsw-W-aQ5AbMqY1zZqvRXNmDxQYCCR/view,https://drive.google.com/file/d/1vCLsw-W-aQ5AbMqY1zZqvRXNmDxQYCCR/preview,https://drive.usercontent.google.com/download?id=1vCLsw-W-aQ5AbMqY1zZqvRXNmDxQYCCR&export=download&confirm=t,2026-08-08,,
video_2605_DOD_111719852_DOD_111719852,INDEXED,1Ysn4BIezJWt4TECDHK0R4zDkYD7VGYTo,1Z8_NzOrfjXiQTsxkj0GEbUdr1SI5LjWM,https://drive.google.com/file/d/1Ysn4BIezJWt4TECDHK0R4zDkYD7VGYTo/view,https://drive.google.com/file/d/1Ysn4BIezJWt4TECDHK0R4zDkYD7VGYTo/preview,https://drive.usercontent.google.com/download?id=1Ysn4BIezJWt4TECDHK0R4zDkYD7VGYTo&export=download&confirm=t,2026-08-08,,
video_2605_DOD_111720692_DOD_111720692,INDEXED,1i_X_KLkrI_2PM1Fqc_W6FcA53ayjdxDN,1Z8_NzOrfjXiQTsxkj0GEbUdr1SI5LjWM,https://drive.google.com/file/d/1i_X_KLkrI_2PM1Fqc_W6FcA53ayjdxDN/view,https://drive.google.com/file/d/1i_X_KLkrI_2PM1Fqc_W6FcA53ayjdxDN/preview,https://drive.usercontent.google.com/download?id=1i_X_KLkrI_2PM1Fqc_W6FcA53ayjdxDN&export=download&confirm=t,2026-08-08,,
video_2605_DOD_111720693_DOD_111720693,INDEXED,1_uPlXQwEku8BHlbRW4FNrlbyKS9qtb0J,1Z8_NzOrfjXiQTsxkj0GEbUdr1SI5LjWM,https://drive.google.com/file/d/1_uPlXQwEku8BHlbRW4FNrlbyKS9qtb0J/view,https://drive.google.com/file/d/1_uPlXQwEku8BHlbRW4FNrlbyKS9qtb0J/preview,https://drive.usercontent.google.com/download?id=1_uPlXQwEku8BHlbRW4FNrlbyKS9qtb0J&export=download&confirm=t,2026-08-08,,
video_2605_DOD_111720696_DOD_111720696,INDEXED,12pfFMWq7h6DoZ8HZA46tY47xW1vTsknT,1Z8_NzOrfjXiQTsxkj0GEbUdr1SI5LjWM,https://drive.google.com/file/d/12pfFMWq7h6DoZ8HZA46tY47xW1vTsknT/view,https://drive.google.com/file/d/12pfFMWq7h6DoZ8HZA46tY47xW1vTsknT/preview,https://drive.usercontent.google.com/download?id=12pfFMWq7h6DoZ8HZA46tY47xW1vTsknT&export=download&confirm=t,2026-08-08,,
video_2605_DOD_111720698_DOD_111720698,INDEXED,1VynZZN4ntRi72aAZcf9XRrOk2hBmFUBd,1Z8_NzOrfjXiQTsxkj0GEbUdr1SI5LjWM,https://drive.google.com/file/d/1VynZZN4ntRi72aAZcf9XRrOk2hBmFUBd/view,https://drive.google.com/file/d/1VynZZN4ntRi72aAZcf9XRrOk2hBmFUBd/preview,https://drive.usercontent.google.com/download?id=1VynZZN4ntRi72aAZcf9XRrOk2hBmFUBd&export=download&confirm=t,2026-08-08,,
video_2605_DOD_111720700_DOD_111720700,INDEXED,1v5vX8M_jOmX-p5iADxZe4Tjilvcr2vi6,1Z8_NzOrfjXiQTsxkj0GEbUdr1SI5LjWM,https://drive.google.com/file/d/1v5vX8M_jOmX-p5iADxZe4Tjilvcr2vi6/view,https://drive.google.com/file/d/1v5vX8M_jOmX-p5iADxZe4Tjilvcr2vi6/preview,https://drive.usercontent.google.com/download?id=1v5vX8M_jOmX-p5iADxZe4Tjilvcr2vi6&export=download&confirm=t,2026-08-08,,
video_2605_DOD_111720720_DOD_111720720,INDEXED,1McZtjDXkqPHk_1HOffR-OxooAgvczE1s,1Z8_NzOrfjXiQTsxkj0GEbUdr1SI5LjWM,https://drive.google.com/file/d/1McZtjDXkqPHk_1HOffR-OxooAgvczE1s/view,https://drive.google.com/file/d/1McZtjDXkqPHk_1HOffR-OxooAgvczE1s/preview,https://drive.usercontent.google.com/download?id=1McZtjDXkqPHk_1HOffR-OxooAgvczE1s&export=download&confirm=t,2026-08-08,,
video_2605_DOD_111720731_DOD_111720731,INDEXED,1hKUKq7HUfmuykZUiy-I7voHh1q0vnfIo,1Z8_NzOrfjXiQTsxkj0GEbUdr1SI5LjWM,https://drive.google.com/file/d/1hKUKq7HUfmuykZUiy-I7voHh1q0vnfIo/view,https://drive.google.com/file/d/1hKUKq7HUfmuykZUiy-I7voHh1q0vnfIo/preview,https://drive.usercontent.google.com/download?id=1hKUKq7HUfmuykZUiy-I7voHh1q0vnfIo&export=download&confirm=t,2026-08-08,,
video_2605_DOD_111720752_DOD_111720752,INDEXED,1yNDOdubp1wZp1umgRIocOCnmwp8h1nyt,1Z8_NzOrfjXiQTsxkj0GEbUdr1SI5LjWM,https://drive.google.com/file/d/1yNDOdubp1wZp1umgRIocOCnmwp8h1nyt/view,https://drive.google.com/file/d/1yNDOdubp1wZp1umgRIocOCnmwp8h1nyt/preview,https://drive.usercontent.google.com/download?id=1yNDOdubp1wZp1umgRIocOCnmwp8h1nyt&export=download&confirm=t,2026-08-08,,
video_2605_DOD_111720765_DOD_111720765,INDEXED,17HHs78VXjpnkKxnwvH-XxSmIs-SEibTR,1Z8_NzOrfjXiQTsxkj0GEbUdr1SI5LjWM,https://drive.google.com/file/d/17HHs78VXjpnkKxnwvH-XxSmIs-SEibTR/view,https://drive.google.com/file/d/17HHs78VXjpnkKxnwvH-XxSmIs-SEibTR/preview,https://drive.usercontent.google.com/download?id=17HHs78VXjpnkKxnwvH-XxSmIs-SEibTR&export=download&confirm=t,2026-08-08,,
video_2605_DOD_111720775_DOD_111720775,INDEXED,1tIubdDwVBTmmCCuptJtAT6OM1kx5ftAD,1Z8_NzOrfjXiQTsxkj0GEbUdr1SI5LjWM,https://drive.google.com/file/d/1tIubdDwVBTmmCCuptJtAT6OM1kx5ftAD/view,https://drive.google.com/file/d/1tIubdDwVBTmmCCuptJtAT6OM1kx5ftAD/preview,https://drive.usercontent.google.com/download?id=1tIubdDwVBTmmCCuptJtAT6OM1kx5ftAD&export=download&confirm=t,2026-08-08,,
video_2605_DOD_111720809_DOD_111720809,INDEXED,15C78pMvtGewapY1V4-fXV4gl7kdHBgvM,1Z8_NzOrfjXiQTsxkj0GEbUdr1SI5LjWM,https://drive.google.com/file/d/15C78pMvtGewapY1V4-fXV4gl7kdHBgvM/view,https://drive.google.com/file/d/15C78pMvtGewapY1V4-fXV4gl7kdHBgvM/preview,https://drive.usercontent.google.com/download?id=15C78pMvtGewapY1V4-fXV4gl7kdHBgvM&export=download&confirm=t,2026-08-08,,
video_2605_DOD_111720822_DOD_111720822,INDEXED,1s_FthPX_4NPZ0ps1Ic5h-lcBcudETaqE,1Z8_NzOrfjXiQTsxkj0GEbUdr1SI5LjWM,https://drive.google.com/file/d/1s_FthPX_4NPZ0ps1Ic5h-lcBcudETaqE/view,https://drive.google.com/file/d/1s_FthPX_4NPZ0ps1Ic5h-lcBcudETaqE/preview,https://drive.usercontent.google.com/download?id=1s_FthPX_4NPZ0ps1Ic5h-lcBcudETaqE&export=download&confirm=t,2026-08-08,,
video_2605_DOD_111720827_DOD_111720827,INDEXED,1e8Z40r9FouE_ceSp3aAeo8W5_IJqwg9p,1Z8_NzOrfjXiQTsxkj0GEbUdr1SI5LjWM,https://drive.google.com/file/d/1e8Z40r9FouE_ceSp3aAeo8W5_IJqwg9p/view,https://drive.google.com/file/d/1e8Z40r9FouE_ceSp3aAeo8W5_IJqwg9p/preview,https://drive.usercontent.google.com/download?id=1e8Z40r9FouE_ceSp3aAeo8W5_IJqwg9p&export=download&confirm=t,2026-08-08,,
video_2605_DOD_111720830_DOD_111720830,INDEXED,1dKArTCYkkCsHjn0-L8q6Tk3BBke3sCSY,1Z8_NzOrfjXiQTsxkj0GEbUdr1SI5LjWM,https://drive.google.com/file/d/1dKArTCYkkCsHjn0-L8q6Tk3BBke3sCSY/view,https://drive.google.com/file/d/1dKArTCYkkCsHjn0-L8q6Tk3BBke3sCSY/preview,https://drive.usercontent.google.com/download?id=1dKArTCYkkCsHjn0-L8q6Tk3BBke3sCSY&export=download&confirm=t,2026-08-08,,
video_2605_DOD_111720843_DOD_111720843,INDEXED,1KJiLQvQXkuJuGKF2dafnbggmyBm-5vcf,1Z8_NzOrfjXiQTsxkj0GEbUdr1SI5LjWM,https://drive.google.com/file/d/1KJiLQvQXkuJuGKF2dafnbggmyBm-5vcf/view,https://drive.google.com/file/d/1KJiLQvQXkuJuGKF2dafnbggmyBm-5vcf/preview,https://drive.usercontent.google.com/download?id=1KJiLQvQXkuJuGKF2dafnbggmyBm-5vcf&export=download&confirm=t,2026-08-08,,
video_2605_DOD_111720856_DOD_111720856,INDEXED,11QcVeI6VmzzhpQjBvZnh0RQ0KO_6Xk2b,1Z8_NzOrfjXiQTsxkj0GEbUdr1SI5LjWM,https://drive.google.com/file/d/11QcVeI6VmzzhpQjBvZnh0RQ0KO_6Xk2b/view,https://drive.google.com/file/d/11QcVeI6VmzzhpQjBvZnh0RQ0KO_6Xk2b/preview,https://drive.usercontent.google.com/download?id=11QcVeI6VmzzhpQjBvZnh0RQ0KO_6Xk2b&export=download&confirm=t,2026-08-08,,
video_2605_DOD_111720857_DOD_111720857,INDEXED,1v_2s7naXuROlTDJwhRHwlmM0o1_t3mGV,1Z8_NzOrfjXiQTsxkj0GEbUdr1SI5LjWM,https://drive.google.com/file/d/1v_2s7naXuROlTDJwhRHwlmM0o1_t3mGV/view,https://drive.google.com/file/d/1v_2s7naXuROlTDJwhRHwlmM0o1_t3mGV/preview,https://drive.usercontent.google.com/download?id=1v_2s7naXuROlTDJwhRHwlmM0o1_t3mGV&export=download&confirm=t,2026-08-08,,
video_2605_DOD_111720858_DOD_111720858,INDEXED,122x2Qo9VGFaiPsKjDR_Frl12NXtGr1Fk,1Z8_NzOrfjXiQTsxkj0GEbUdr1SI5LjWM,https://drive.google.com/file/d/122x2Qo9VGFaiPsKjDR_Frl12NXtGr1Fk/view,https://drive.google.com/file/d/122x2Qo9VGFaiPsKjDR_Frl12NXtGr1Fk/preview,https://drive.usercontent.google.com/download?id=122x2Qo9VGFaiPsKjDR_Frl12NXtGr1Fk&export=download&confirm=t,2026-08-08,,
video_2605_DOD_111720861_DOD_111720861,INDEXED,1vxc66wqemPLHWXtFaBom93qYqAY_psJJ,1Z8_NzOrfjXiQTsxkj0GEbUdr1SI5LjWM,https://drive.google.com/file/d/1vxc66wqemPLHWXtFaBom93qYqAY_psJJ/view,https://drive.google.com/file/d/1vxc66wqemPLHWXtFaBom93qYqAY_psJJ/preview,https://drive.usercontent.google.com/download?id=1vxc66wqemPLHWXtFaBom93qYqAY_psJJ&export=download&confirm=t,2026-08-08,,
video_2605_DOD_111720883_DOD_111720883,INDEXED,1J_Iqu-aziLafKaMyvfOlL6ew8BKk8qaQ,1Z8_NzOrfjXiQTsxkj0GEbUdr1SI5LjWM,https://drive.google.com/file/d/1J_Iqu-aziLafKaMyvfOlL6ew8BKk8qaQ/view,https://drive.google.com/file/d/1J_Iqu-aziLafKaMyvfOlL6ew8BKk8qaQ/preview,https://drive.usercontent.google.com/download?id=1J_Iqu-aziLafKaMyvfOlL6ew8BKk8qaQ&export=download&confirm=t,2026-08-08,,
video_2605_DOD_111720884_DOD_111720884,INDEXED,1ksmKCZoWnl7h331l5rz2oHsQAXPXtyQN,1Z8_NzOrfjXiQTsxkj0GEbUdr1SI5LjWM,https://drive.google.com/file/d/1ksmKCZoWnl7h331l5rz2oHsQAXPXtyQN/view,https://drive.google.com/file/d/1ksmKCZoWnl7h331l5rz2oHsQAXPXtyQN/preview,https://drive.usercontent.google.com/download?id=1ksmKCZoWnl7h331l5rz2oHsQAXPXtyQN&export=download&confirm=t,2026-08-08,,
video_2605_DOD_111720886_DOD_111720886,INDEXED,1NYOG8hQ_4doT-5Sxv7kkPRFNKksCkGyc,1Z8_NzOrfjXiQTsxkj0GEbUdr1SI5LjWM,https://drive.google.com/file/d/1NYOG8hQ_4doT-5Sxv7kkPRFNKksCkGyc/view,https://drive.google.com/file/d/1NYOG8hQ_4doT-5Sxv7kkPRFNKksCkGyc/preview,https://drive.usercontent.google.com/download?id=1NYOG8hQ_4doT-5Sxv7kkPRFNKksCkGyc&export=download&confirm=t,2026-08-08,,
video_2605_DOD_111720890_DOD_111720890,INDEXED,1HZfvXEIFBtZ11OTus79QTIE1t3LjxcAQ,1Z8_NzOrfjXiQTsxkj0GEbUdr1SI5LjWM,https://drive.google.com/file/d/1HZfvXEIFBtZ11OTus79QTIE1t3LjxcAQ/view,https://drive.google.com/file/d/1HZfvXEIFBtZ11OTus79QTIE1t3LjxcAQ/preview,https://drive.usercontent.google.com/download?id=1HZfvXEIFBtZ11OTus79QTIE1t3LjxcAQ&export=download&confirm=t,2026-08-08,,
video_2605_DOD_111720899_DOD_111720899,INDEXED,1iWf3ySJVhxQXJnu66iCGXZUMtzAaa1hC,1Z8_NzOrfjXiQTsxkj0GEbUdr1SI5LjWM,https://drive.google.com/file/d/1iWf3ySJVhxQXJnu66iCGXZUMtzAaa1hC/view,https://drive.google.com/file/d/1iWf3ySJVhxQXJnu66iCGXZUMtzAaa1hC/preview,https://drive.usercontent.google.com/download?id=1iWf3ySJVhxQXJnu66iCGXZUMtzAaa1hC&export=download&confirm=t,2026-08-08,,
video_2605_DOD_111721693_DOD_111721693,INDEXED,14UVepIwoK_8UKk_p1bbTMXQ6t8NU_Ge4,1Z8_NzOrfjXiQTsxkj0GEbUdr1SI5LjWM,https://drive.google.com/file/d/14UVepIwoK_8UKk_p1bbTMXQ6t8NU_Ge4/view,https://drive.google.com/file/d/14UVepIwoK_8UKk_p1bbTMXQ6t8NU_Ge4/preview,https://drive.usercontent.google.com/download?id=14UVepIwoK_8UKk_p1bbTMXQ6t8NU_Ge4&export=download&confirm=t,2026-08-08,,
video_2605_DOD_111721698_DOD_111721698,NOT_INGESTED,1DcFirCP66Clv9mmBu3jpJecih8NVqZ7p,1Z8_NzOrfjXiQTsxkj0GEbUdr1SI5LjWM,https://drive.google.com/file/d/1DcFirCP66Clv9mmBu3jpJecih8NVqZ7p/view,https://drive.google.com/file/d/1DcFirCP66Clv9mmBu3jpJecih8NVqZ7p/preview,https://drive.usercontent.google.com/download?id=1DcFirCP66Clv9mmBu3jpJecih8NVqZ7p&export=download&confirm=t,2026-08-08,,
video_2605_DOD_111721711_DOD_111721711,INDEXED,1mvbUYDYC1mub6rcI5Yg3ek4hSQcbF-3A,1Z8_NzOrfjXiQTsxkj0GEbUdr1SI5LjWM,https://drive.google.com/file/d/1mvbUYDYC1mub6rcI5Yg3ek4hSQcbF-3A/view,https://drive.google.com/file/d/1mvbUYDYC1mub6rcI5Yg3ek4hSQcbF-3A/preview,https://drive.usercontent.google.com/download?id=1mvbUYDYC1mub6rcI5Yg3ek4hSQcbF-3A&export=download&confirm=t,2026-08-08,,
video_2605_DOD_111721737_DOD_111721737,NOT_INGESTED,11SagFgJL_i4gIxUnZbibt_xHePq6OEnH,1Z8_NzOrfjXiQTsxkj0GEbUdr1SI5LjWM,https://drive.google.com/file/d/11SagFgJL_i4gIxUnZbibt_xHePq6OEnH/view,https://drive.google.com/file/d/11SagFgJL_i4gIxUnZbibt_xHePq6OEnH/preview,https://drive.usercontent.google.com/download?id=11SagFgJL_i4gIxUnZbibt_xHePq6OEnH&export=download&confirm=t,2026-08-08,,
video_2605_DOD_111721747_DOD_111721747,INDEXED,1gUTx_WwJHlRxQD4LABR4u-sVxzWqxDfy,1Z8_NzOrfjXiQTsxkj0GEbUdr1SI5LjWM,https://drive.google.com/file/d/1gUTx_WwJHlRxQD4LABR4u-sVxzWqxDfy/view,https://drive.google.com/file/d/1gUTx_WwJHlRxQD4LABR4u-sVxzWqxDfy/preview,https://drive.usercontent.google.com/download?id=1gUTx_WwJHlRxQD4LABR4u-sVxzWqxDfy&export=download&confirm=t,2026-08-08,,
video_2605_DOD_111721755_DOD_111721755,INDEXED,1ndFLeK3Dee2Bzt8YzYrA2ByLSc0F5pvm,1Z8_NzOrfjXiQTsxkj0GEbUdr1SI5LjWM,https://drive.google.com/file/d/1ndFLeK3Dee2Bzt8YzYrA2ByLSc0F5pvm/view,https://drive.google.com/file/d/1ndFLeK3Dee2Bzt8YzYrA2ByLSc0F5pvm/preview,https://drive.usercontent.google.com/download?id=1ndFLeK3Dee2Bzt8YzYrA2ByLSc0F5pvm&export=download&confirm=t,2026-08-08,,
video_2605_DOD_111721758_DOD_111721758,INDEXED,17dl5Cv7UnpkON7tjvVQjzgjKwkCqKf55,1Z8_NzOrfjXiQTsxkj0GEbUdr1SI5LjWM,https://drive.google.com/file/d/17dl5Cv7UnpkON7tjvVQjzgjKwkCqKf55/view,https://drive.google.com/file/d/17dl5Cv7UnpkON7tjvVQjzgjKwkCqKf55/preview,https://drive.usercontent.google.com/download?id=17dl5Cv7UnpkON7tjvVQjzgjKwkCqKf55&export=download&confirm=t,2026-08-08,,
