release_id,segment_no,start_page,end_page,subject_line,routing,first_date_verbatim,doc_id_stamp
DOW-UAP-D092,1,1,1,,,,
DOW-UAP-D092,2,2,5,,,17 April 1967,34714841
DOW-UAP-D092,3,6,8,,,20 Apr 66,34714841
DOW-UAP-D092,4,9,14,Implementing SAB Ad Hoc Coan:lttee on Project Blue Book,,20 April 1966,
DOW-UAP-D092,5,15,17,Conversation with Dr. Stever Concerning SAB Support to USAF,,18 May 1966,341
DOW-UAP-D092,6,18,21,,,,
DOW-UAP-D092,7,22,25,,,30 June 1965,34714841
DOW-UAP-D092,8,26,26,,,,3471
DOW-UAP-D092,9,27,32,,,6 February 1969,34714841
DOW-UAP-D092,10,33,35,Some Notes Concerning a Progress Report on,,16 May 1967,347
DOW-UAP-D092,11,36,41,"Visit by Mr. William P. Wietzel, NICAP",,10 August 1966,
DOW-UAP-D092,12,42,44,,TO: RECORD,1 January 1966,
DOW-UAP-D092,13,45,48,,,,34714841
DOW-UAP-D092,14,49,85,Report of Mectines of tho,,16 February 1953,
FBI-UAP-D041,1,1,6,,,,
CIA-UAP-D022,1,1,5,,,,
CIA-UAP-D022,2,6,6,Unidentified Flying Object,MEMORANDUM FOR: Assistant Director for Scientific Intelligence,24 November 1964,
FBI-UAP-D032,1,1,2,,,,
DOW-UAP-D097,1,1,45,,,1 July 1948,
FBI-UAP-D014,1,1,1,,,,
FBI-UAP-D014,2,2,5,U O-~~G,,9/22/67,
CIA-UAP-D020,1,1,3,,,,
DOW-UAP-D090,1,1,2,,,,
DOW-UAP-D096,1,1,85,,,,
DOW-UAP-D096,2,86,113,Falling ObJeot - Sardis Lake,"TO: Intelligence Officer, u. a. Air Force, Washington, D. a.",,
DOW-UAP-D096,3,114,160,,,,
DOW-UAP-D096,4,161,168,,,,
DOW-UAP-D096,5,169,199,(Uncl) Request tor UFO In:form&tion tor Publishing Purposes,,,
DOW-UAP-D096,6,200,206,,TO: tJ. S. Air Attacbe,,
DOW-UAP-D096,7,207,220,Letter,,,
DOW-UAP-D094,1,1,32,,,,
DOW-UAP-D094,2,33,34,,,5 Dec 0900,
DOE-UAP-D004,1,1,25,,,,
CIA-UAP-D021,1,1,4,,,,
DOW-UAP-D091,1,1,2,,,,
DOW-UAP-D093,1,1,67,,,,
DOW-UAP-D095,1,1,2,,,,
DOW-UAP-D095,2,3,26,,,,
DOW-UAP-D095,3,27,29,,,,
DOW-UAP-D095,4,30,56,,,14 December 1954,
DOW-UAP-D095,5,57,57,CIBVIS Program,,,
DOE-UAP-D005,1,1,7,,,"September 2, 2015",
DOW-UAP-D089,1,1,2,,,,
FBI-UAP-D038,1,1,1,,,,
FBI-UAP-D033,1,1,2,,,,
DOS-UAP-D002,1,1,2,"Reportedly Sighted Near Salvador, Bahia on November 8, 1964",FROM: Amembassy RIO DE JANE:mO,"November 8, 1964",
DOW-UAP-D098,1,1,23,,,,
DOS-UAP-D001,1,1,1,,,11/14/63,
FBI-UAP-D028,1,1,3,,,,
DOW-UAP-D101,1,1,3,,,6/1/22,
DOW-UAP-D101,2,4,7,(6/IN~ 1.4c Multiple,,6/1/22,
FBI-UAP-D027,1,1,5,,,,
FBI-UAP-D026,1,1,3,,,,
EOP-UAP-D001,1,1,1,,,,
DOW-UAP-D100,1,1,2,,,30 Decembor 1947,
DOW-UAP-D100,2,3,11,,,,
DOW-UAP-D100,3,12,17,"""Project 'Sing'""","TO: Chief of Staff, United States Air Force, Washingt Ln 25, D C.",26 Octo 48,
DOW-UAP-D100,4,18,37,Request for information concerning stranue aircraft,,"Sept. 14, 1948",
DOW-UAP-D100,5,38,46,"""Reported Flying Disc""",,25 October 1948,
DOW-UAP-D100,6,47,60,Communication Instructions for Reporting Military Intelligence,"TO: Director of Communications, DCS/0",9 Sep 19,
DOW-UAP-D100,7,61,67,Concerning Flying Disc,TO: -Chief of Staff,2 August 1948,
DOW-UAP-D100,8,68,94,"Report of rtFlying Discs""",TO: Chiet ot Sta!'t,8 May 48,
DOW-UAP-D100,9,95,95,,TO: Chief of Staff,"Apr 13, 1948",
DOW-UAP-D100,10,96,114,"German Scientists (Civil), leimar Horten",,,
DOW-UAP-D100,11,115,122,"Report ot Information on ""Flying 1)1.ac""",THRU: Commanding General,12 April 1948,
DOW-UAP-D100,12,123,129,Ply~ Dieca 5 APR1948,,2 Apr 48,
DOW-UAP-D100,13,130,140,,TO: AFCVC                AFAAC      AFOPO • | FOR: NECESSARY ACTION,,
DOW-UAP-D100,14,141,149,,,,
DOW-UAP-D100,15,150,151,"Project ""SIGN"" MAR 10 1948","TO: Chief of Staff, United States Air Force, Washington 25, D. C.",17 Mar 1948,
DOW-UAP-D100,16,152,172,"Project ""SIGN""",,,
DOW-UAP-D100,17,173,182,,,25 Feb 48,
DOW-UAP-D100,18,183,183,"tio on 11Flyine Diocl'.l""","TO: l1l     G neral,    stra\e~ic Air Cofl'Jll.'Uld",,
DOW-UAP-D100,19,184,189,,,6 February 1948,
DOW-UAP-D100,20,190,197,,TO: Chiet ot Statt,7 October 1947,
DOW-UAP-D100,21,198,201,"""Flying Discs""",TO: Chief of Staff,16 Jan 48,
DOW-UAP-D100,22,202,205,,"TO: '           ndi.ng Ounert1l., Air ter.ii l ~and, lrj,eht.-Patt.or.oon ir",16 January 1948,
DOW-UAP-D100,23,206,222,,,6 Jan 48,
DOW-UAP-D100,24,223,225,,TO: _ _SECRETARY OF THE AIR FORCE | FOR: _ _APPROVAL,,
DOW-UAP-D100,25,226,236,Report of Flying Disc,TO: Chief of Staff,4 Feb 48,
DOW-UAP-D100,26,237,245,,,18 December 1947,
DOW-UAP-D099,1,1,8,,,,
FBI-UAP-D039,1,1,3,,,,
FBI-UAP-D042,1,1,1,,,,
FBI-UAP-D024,1,1,3,,,,
FBI-UAP-D037,1,1,3,,,,
FBI-UAP-D040,1,1,2,,,,
CIA-UAP-D023,1,1,2,,,,
FBI-UAP-D030,1,1,3,,,,
CIA-UAP-D001,1,1,3,,,,
DOE-UAP-D002,1,1,4,,,,
DOW-UAP-D017,1,1,2,Security :E:nspection,,7 April 1949,
DOW-UAP-D017,2,3,13,"ll'T.- ;,J)..o;y ~·o ¥",,,
DOW-UAP-D017,3,14,19,Board to Inspect Special u1eapons Facilities,TO: Commanding General,29 November 1949,
DOW-UAP-D017,4,20,62,Summary of Observations of Aerial Phenomena in the New,TO: Brigadier General Joseph F . Carroll,,
DOW-UAP-D017,5,63,69,Anomalous Luminous Phenomena ( Seventh Report),,,
DOW-UAP-D017,6,70,70,lP'TKNOWN (Aerial Phenomena),TO: Commanding General,18 May 1949,
DOW-UAP-D017,7,71,85,,,9 April 1949,
DOW-UAP-D017,8,86,116,IDT: Unidenti fied Fl ying Objects,TO: The Chief,31 December 1948,
DOE-UAP-D001,1,1,2,,,,
DOE-UAP-D003,1,1,1,,,"May 20, 1986",
ODNI-UAP-D001,1,1,2,,,1 May 26,
Serial-3,1,1,2,,,,
Serial-4,1,1,2,,,,
Serial-5,1,1,2,,,,
Western-US-Event-Slides,1,1,4,,,,
USPER-Statement,1,1,3,,,,
DOW-UAP-D56-Range-Fouler-Debrief-Arabian-Sea-August-2020.pdf,1,1,1,,,08/24/20,
DOW-UAP-D57-Mission-Report-Gulf-of-Aden-September-2020.pdf,1,1,1,,,09/04/20,
DOW-UAP-D58-Range-Fouler-Debrief-NA-October-2020.pdf,1,1,1,,,10/27/20,
DOW-UAP-D60-Mission-Report-Persian-Gulf-August-2020.pdf,1,1,6,,,,
DOW-UAP-D61-Mission-Report-Persian-Gulf-August-2020.pdf,1,1,7,,,22 January 2026,
DOW-UAP-D62-Mission-Report-Strait-of-Hormuz-September-2020.pdf,1,1,9,,,22 January 2026,
DOW-UAP-D63-Mission-Report-Strait-of-Hormuz-October-2020.pdf,1,1,8,,,,
DOW-UAP-D64-Mission-Report-Iran-November-2020.pdf,1,1,7,,,16 March 2026,
DOW-UAP-D65-Mission-Report-Persian-Gulf-July-2020.pdf,1,1,8,,,,
DOW-UAP-D74-Mission-Report-Syria-November-2023.pdf,1,1,10,,,2 June 2025,
DOW-UAP-D75-Mission-Report-Gulf-of-Aden-July-2024.pdf,1,1,8,,,2 June 2025,
DOW-UAP-PR20.pdf,1,1,1,,,8 Oct 25,
FBI-Photo-B1.pdf,1,1,1,,,,
FBI-Photo-B10.pdf,1,1,1,,,,
FBI-Photo-B11.pdf,1,1,1,,,,
FBI-Photo-B12.pdf,1,1,1,,,,
FBI-Photo-B13.pdf,1,1,1,,,,
FBI-Photo-B14.pdf,1,1,1,,,,
FBI-Photo-B15.pdf,1,1,1,,,,
FBI-Photo-B16.pdf,1,1,1,,,,
FBI-Photo-B17.pdf,1,1,1,,,,
FBI-Photo-B18.pdf,1,1,1,,,,
FBI-Photo-B19.pdf,1,1,1,,,,
FBI-Photo-B2.pdf,1,1,1,,,,
FBI-Photo-B20.pdf,1,1,1,,,,
FBI-Photo-B21.pdf,1,1,1,,,,
FBI-Photo-B22.pdf,1,1,1,,,,
FBI-Photo-B23.pdf,1,1,1,,,,
FBI-Photo-B24.pdf,1,1,1,,,,
FBI-Photo-B3.pdf,1,1,1,,,,
FBI-Photo-B4.pdf,1,1,1,,,,
FBI-Photo-B5.pdf,1,1,1,,,,
FBI-Photo-B6.pdf,1,1,1,,,,
FBI-Photo-B7.pdf,1,1,1,,,,
FBI-Photo-B8.pdf,1,1,1,,,,
FBI-Photo-B9.pdf,1,1,1,,,,
NASA-UAP-D1-Apollo-12-Transcript-1969.pdf,1,1,4,,,,
NASA-UAP-D2-Apollo-17-Transcript-1972.pdf,1,1,16,,,,
NASA-UAP-D4-Apollo-11-Technical-Crew-Debriefing-1969.pdf,1,1,11,,,,
NASA-UAP-D5-Apollo-17-Crew-Debriefing-for-Science-1973.pdf,1,1,3,,,,
NASA-UAP-D6-Apollo-17-Technical-Crew-Debriefing-1973.pdf,1,1,2,,,,
NASA-UAP-D7-Skylab-Technical-Crew-Debriefing-1973.pdf,1,1,11,,,,
059UAP00011.pdf,1,1,3,UFOS OVER GEORGIA: STRANGE ENCOUNTERS OF AN MFA KIND,,"Oct 30, 2001",
059UAP00011.pdf,2,4,5,UFOS OVER GEORGIA: STRANGE ENCOUNTERS OF AN MFA,,10/29/21,
059UAP00012.pdf,1,1,5,"TURKMENISTAN, CIVIL SOCIETY AND UFOS",,"Nov 12, 2004",
059UAP00013.pdf,1,1,7,"(U) Mexico: Weekly Political Blotter, Sep 11-15",,"Sep 16, 2023",
18-100754--General-1946-7-Vol-2.pdf,1,1,5,Flying Discs,TO: Chief of Staff,9 December 1947,
18-100754--General-1946-7-Vol-2.pdf,2,6,6,,,,
18-100754--General-1946-7-Vol-2.pdf,3,7,7,"Flying Discs 1, -- 1 tf-S-",TO: Chier of Staff,12 November 1947,
18-100754--General-1946-7-Vol-2.pdf,4,8,8,Flyinr; Discs,TO: Chief of Staff,1 Aug 45,
18-100754--General-1946-7-Vol-2.pdf,5,9,11,"AMC Opinion Concerning ""Flying Discs 11",TO: c'onmanding General,0 Sep 46,
18-100754--General-1946-7-Vol-2.pdf,6,12,14,"AMC Opinion Concerning ""Flying Discs 11",TO: Commanding_ General,23 September 1947,
18-100754--General-1946-7-Vol-2.pdf,7,15,18,"""Fl ying Dis c""",TO: Commanding General,,
18-100754--General-1946-7-Vol-2.pdf,8,19,19,"''Flying Di sea""",TO: Chief of St~ff,13 Oct 1947,
18-100754--General-1946-7-Vol-2.pdf,9,20,27,"''r lyin~ Discs""",TO: Co'Tl.~andinc Officer,29 September 1947,
18-100754--General-1946-7-Vol-2.pdf,10,28,28,Flying Saucer Phenomena,FROM: Deputy Chief of Air staff for Research & Developroont                     fr R~             mo/73/421,,
18-6369445-General-1948-Vol-1.pdf,1,1,7,,,,
18-6369445-General-1948-Vol-1.pdf,2,8,9,,"TO: CG, Air I!iateriel Command, Wright- Patterson AFB , Dayton, Ohio | FROM: Air Intelligence Requirements Division; Directorate of Intelligence",,
18-6369445-General-1948-Vol-1.pdf,3,10,15,"Report of Information on ""Flying Disc""",,12 April 1948,
18-6369445-General-1948-Vol-1.pdf,4,16,17,Investigation of Flying Disc,TO: Chief of Staff,"Mar 11, 1948",
18-6369445-General-1948-Vol-1.pdf,5,18,18,Flying Discs,"FROM: 1. By letter fran this Headquarters, dated 30 December 1947 \dth subject",30 December 1947,
18-6369445-General-1948-Vol-1.pdf,6,19,22,Director of Intelligence DATE 3 MAR 1948,FROM: Director of Plans and Operations                           Major Cook:csk 7223;,,
18-6369445-General-1948-Vol-1.pdf,7,23,23,Fly1ng Disco,,21 Jan 48,
18-6369445-General-1948-Vol-1.pdf,8,24,24,,"FROM: Executive, Air Intelligence Requirements Div., Direc tora te of",,
18-6369445-General-1948-Vol-1.pdf,9,25,27,,"TO: CommP nding General , Air Materiel Command, Wri ght-Patterson Air Force, | FROM: Sxecut i ve, Air Intelligence Requir ements Div. Directorate of",12 February 1948,
18-6369445-General-1948-Vol-1.pdf,10,28,28,,"TO: Cor.una nding Gener al , Air Materiel Command , Wri ght- Patter son Air Force Ba se, | FROM: Execu t ive , Ai r I nt elligence Requir ement s Div., Direc t or a te of I ntel ligence .",3 Oct 47,
2024-04-30-Composite-Sketch.pdf,1,1,1,,,,
255-413270-UFO's-and-Defense-What-Should-we-Prepare-For.pdf,1,1,94,,,,
255-t-763-r1b-transcripts.pdf,1,1,4,,,,
331-120752-Numeric-Files-1944–1945-37153-German-Armament-Equipment-Documents.pdf,1,1,12,,,,
331-120752-Numeric-Files-1944–1945-37153-German-Armament-Equipment-Documents.pdf,2,13,13,,"TO: Commanding General , Fi rs t Tactic al Air Forc e (Prov) gflm3)1~ 4 , | TO: Chief Intelligence Of ficer, Air Staff SHAEF,    APO 757•",23 Jan 45,
331-120752-Numeric-Files-1944–1945-37153-German-Armament-Equipment-Documents.pdf,3,14,14,Night Phenomenon,"TO: Commending General, First Tactical Air Force (Prov), | TO: AO of S A-2, XII Tactical Air Command, APO 574, US Army",16 January 1945,
331-120752-Numeric-Files-1944–1945-37153-German-Armament-Equipment-Documents.pdf,4,15,17,,"TO: S-2, 415 Night Fighter Squadron. | TO: AC of S A-2    XII Tactical Air Command, APO 374 , U. S. Army.",23 January 1945,
341-110448-Records-Relating-to-the-Collection-and-Dissemination-of-Intelligence-1948-1955-TS-CONT-No.2-2-5300-2-5399.pdf,1,1,7,,,,
341-110677-Numerical-File-5-2500.pdf,1,1,10,,,,
342-HS1-416511228-box186-319.1-Flying-Discs-1949.pdf,1,1,45,,,,
342-HS1-416511228-box186-319.1-Flying-Discs-1949.pdf,2,46,89,Semi- ontbly ' Intelligence Summary,TO: Commanding General,15 June 1949,
342-HS1-416511228-box186-319.1-Flying-Discs-1949.pdf,3,90,91,Sighting of Unidentified Air Object,,,
342-HS1-416511228-box186-319.1-Flying-Discs-1949.pdf,4,92,92,"Sighting of ""Flying Disc""",THRU: Commanding Officer | TO: Commanding General,8 January 1949,
342-HS1-416511228-box186-319.1-Flying-Discs-1949.pdf,5,93,96,"Sighti ng of ""Flying Disc"" 8 January 1949",,8 January 1949,
342-HS1-416511228-box186-319.1-Flying-Discs-1949.pdf,6,97,98,,FROM: 71 AACS GP HICKAM AFB | TO: HQ AACS,,
342-HS1-416511228-box186-319.1-Flying-Discs-1949.pdf,7,99,114,Project 11 SIGN 11,,,
342-HS1-416511228-box186-319.1-Flying-Discs-1949.pdf,8,115,143,Unidentified Flying Object,,24 January 1949,
38-143685-box7-Incident-Summaries-1-100.pdf,1,1,209,,,,
38-143685-box7-Incident-Summaries-101-172.pdf,1,1,178,,,,
38-143685-box7-Incident-Summaries-173-233.pdf,1,1,144,,,,
59-214434-SP-16-[7.18.1963].pdf,1,1,6,---- -,,,
59-64634-711.5612[7-2852.pdf,1,1,1,,,"July 28, 1952",
59-64634-711.5612[7-2852.pdf,2,2,2,Flying Saucers,,"July 28, 1952",
65-HS1-101634279-100-DE-18221-Serial-844.pdf,1,1,1,"~...-__.,__....,.~ 1 ~801 -~co~ta , Detroit , Michi g an, r ele p hone",,,34715588
65-HS1-101634279-100-DE-26505.pdf,1,1,15,,,,34714592
65-HS1-834228961-62-HQ-83894-SUB-A.pdf,1,1,124,,,,
65-HS1-834228961-62-HQ-83894-Section-1.pdf,1,1,39,,,,
65-HS1-834228961-62-HQ-83894-Section-1.pdf,2,40,43,·:orDsm,,,
65-HS1-834228961-62-HQ-83894-Section-1.pdf,3,44,58,~~;~~ls__,,,
65-HS1-834228961-62-HQ-83894-Section-1.pdf,4,59,66,~NG DISCS OR SAUCERS ATTENTION: l,"TO: DIRECTOR, FBI","July 8, 1947",
65-HS1-834228961-62-HQ-83894-Section-1.pdf,5,67,67,SAC John.son of the Milwaukee Office called to advise he had,,,
65-HS1-834228961-62-HQ-83894-Section-1.pdf,6,68,78,'-1-tYlNG DISC :>,,,
65-HS1-834228961-62-HQ-83894-Section-1.pdf,7,79,96,C)E.'LYING DISC~~ :: r.«an,,,
65-HS1-834228961-62-HQ-83894-Section-1.pdf,8,97,102,FLilNG DISCS,,,
65-HS1-834228961-62-HQ-83894-Section-1.pdf,9,103,111,"'J ""FLYillG SAUCERS""",,,
65-HS1-834228961-62-HQ-83894-Section-1.pdf,10,112,129,,,,
65-HS1-834228961-62-HQ-83894-Section-1.pdf,11,130,131,,,7/23/47,
65-HS1-834228961-62-HQ-83894-Section-1.pdf,12,132,136,"Mrs. GWYNNE M~HANT, Informant","TO: DI~~TPR, FBI                                  DATE:   July 22, 1947 | FROM: {f;r,EL PAOO","July 22, 1947",
65-HS1-834228961-62-HQ-83894-Section-1.pdf,13,137,142,,,,
65-HS1-834228961-62-HQ-83894-Section-1.pdf,14,143,144,,,,
65-HS1-834228961-62-HQ-83894-Section-1.pdf,15,145,150,'4-LYING SAUCERS llr. Glavl-n - ­,,"August 6, 1947",
65-HS1-834228961-62-HQ-83894-Section-1.pdf,16,151,164,ROBERT J. SROll,,,
65-HS1-834228961-62-HQ-83894-Section-1.pdf,17,165,168,"ms . ARTHUR D0UGLasa,\tm)ERS0N",,,
65-HS1-834228961-62-HQ-83894-Section-1.pdf,18,169,185,<tYING DISOS,,"August 12, 1947",
65-HS1-834228961-62-HQ-83894-Section-10.pdf,1,1,8,,,,
65-HS1-834228961-62-HQ-83894-Section-10.pdf,2,9,19,,,"May 4, 1966",
65-HS1-834228961-62-HQ-83894-Section-10.pdf,3,20,24,,,"October 17, 1966",
65-HS1-834228961-62-HQ-83894-Section-10.pdf,4,25,30,UNIDENTI FI ED FLYING{oBJECTS,,10/19/66,
65-HS1-834228961-62-HQ-83894-Section-10.pdf,5,31,43,-1--,FROM: M.~                     s /                      (_                                   Holmes-­,"October 21, 1966",
65-HS1-834228961-62-HQ-83894-Section-10.pdf,6,44,61,,,"December 23, 1966",
65-HS1-834228961-62-HQ-83894-Section-10.pdf,7,62,71,PAUL L. PEYERL,,"July 4, 1961",
65-HS1-834228961-62-HQ-83894-Section-10.pdf,8,72,72,"~ UNIDENTIFIED AERIAL OB,JECTS",,7/25/67,
65-HS1-834228961-62-HQ-83894-Section-10.pdf,9,73,74,,,"August 24, 1967",
65-HS1-834228961-62-HQ-83894-Section-10.pdf,10,75,78,,,"August 19, 1967",
65-HS1-834228961-62-HQ-83894-Section-10.pdf,11,79,83,,,,
65-HS1-834228961-62-HQ-83894-Section-10.pdf,12,84,84,,,Feb. 20 1967,
65-HS1-834228961-62-HQ-83894-Section-10.pdf,13,85,99,,,"March 10, 1967",
65-HS1-834228961-62-HQ-83894-Section-10.pdf,14,100,110,NIDENTIFIED FLYING OBJECTS,,10/10/67,
65-HS1-834228961-62-HQ-83894-Section-10.pdf,15,111,113,qM SCELLANEOUS,,11/20/67,
65-HS1-834228961-62-HQ-83894-Section-10.pdf,16,114,130,,,"March 19, 1968",
65-HS1-834228961-62-HQ-83894-Section-10.pdf,17,131,131,,,"July 28, 1964",
65-HS1-834228961-62-HQ-83894-Section-10.pdf,18,132,137,,,"May 7, 1969",
65-HS1-834228961-62-HQ-83894-Section-10.pdf,19,138,153,,,"May 21, 1969",
65-HS1-834228961-62-HQ-83894-Section-10.pdf,20,154,163,,,"February 15, 1972",
65-HS1-834228961-62-HQ-83894-Section-10.pdf,21,164,166,,,"October 25, 1973",
65-HS1-834228961-62-HQ-83894-Section-10.pdf,22,167,182,,,"April 15, 1974",
65-HS1-834228961-62-HQ-83894-Section-10.pdf,23,183,184,WHITE HOUSE INQUIRY RE,,6/14/77,
65-HS1-834228961-62-HQ-83894-Section-2.pdf,1,1,3,,,,
65-HS1-834228961-62-HQ-83894-Section-2.pdf,2,4,11,"!""LYING DISC H.EPOR'.IED AT",,,
65-HS1-834228961-62-HQ-83894-Section-2.pdf,3,12,16,"lfflKNOWN SOBJEC?:"",S",,,
65-HS1-834228961-62-HQ-83894-Section-2.pdf,4,17,45,Fl.YING SAliCERS,,,
65-HS1-834228961-62-HQ-83894-Section-2.pdf,5,46,49,wr ; Rosen - ­,,"August 15, 1947",
65-HS1-834228961-62-HQ-83894-Section-2.pdf,6,50,51,1 LTING DISCS,,,
65-HS1-834228961-62-HQ-83894-Section-2.pdf,7,52,63,"4 I.,YINQ DISCS",,"August 12, 1947",
65-HS1-834228961-62-HQ-83894-Section-2.pdf,8,64,93,O FLYING DI cs,,,
65-HS1-834228961-62-HQ-83894-Section-2.pdf,9,94,110,FLYING DISCS,,,
65-HS1-834228961-62-HQ-83894-Section-2.pdf,10,111,112,Letter and material received from,,"August 28, 1947",
65-HS1-834228961-62-HQ-83894-Section-2.pdf,11,113,124,~ LYING SA CER,FROM: J. P. Co,"August 28, 1947",
65-HS1-834228961-62-HQ-83894-Section-2.pdf,12,125,130,l'Lnl'G DISCS :: ~;~-,FROM: I. G. J'lto                                                                                  1'-n:::--=.._-=_-_,9/16/47,
65-HS1-834228961-62-HQ-83894-Section-2.pdf,13,131,156,,,,
65-HS1-834228961-62-HQ-83894-Section-2.pdf,14,157,158,Mrs . A . d rbanis ::: ~~;~~Is_ _,,9/17/47,
65-HS1-834228961-62-HQ-83894-Section-2.pdf,15,159,175,LYING DISCS,"TO: ~ i r e o t o r , FBI - Attentions Assistant       DATE:","July 12, 1947",
65-HS1-834228961-62-HQ-83894-Section-2.pdf,16,176,176,,,15 July 1947,
65-HS1-834228961-62-HQ-83894-Section-2.pdf,17,177,179,FLYING DISCS,,"September 2, 1947",
65-HS1-834228961-62-HQ-83894-Section-2.pdf,18,180,183,REPCRTS OF FLYING DISCS,,"Septenber 4, 1947",
65-HS1-834228961-62-HQ-83894-Section-2.pdf,19,184,189,REPORTS o.PFLYlliG DISCS,,"July 15, 1947",
65-HS1-834228961-62-HQ-83894-Section-2.pdf,20,190,193,"AI''J. .J 7.J.ON: i\S..,L:,T u~T DI::--t.....CrOii D. .. . L.aDD",,"August 27, 1947",
65-HS1-834228961-62-HQ-83894-Section-2.pdf,21,194,194,"TD,YTJi:""r. nr!iC!",,,
65-HS1-834228961-62-HQ-83894-Section-3.pdf,1,1,4,,,,
65-HS1-834228961-62-HQ-83894-Section-3.pdf,2,5,8,REPCRTS oPFLrnm Discs,,"Septanber 4, 1937",
65-HS1-834228961-62-HQ-83894-Section-3.pdf,3,9,25,,,27 August 1947,
65-HS1-834228961-62-HQ-83894-Section-3.pdf,4,26,30,"METAL FRAGMENTS O SERVED AT WEST RUDGE, NE11 HAMPSHIRE, JULY 7, 1947","FROM: SUBJECT:     METAL FRAGMENTS O SERVED AT WEST RUDGE, NE11 HAMPSHIRE, JULY 7, 1947","July 18, 1947",
65-HS1-834228961-62-HQ-83894-Section-3.pdf,5,31,59,FLYING DISCS \J: ~~;;::n__--:._=_--==--=,,,
65-HS1-834228961-62-HQ-83894-Section-3.pdf,6,60,76,PORl'S OF FLYING DISCS,,"August 26, 1947",
65-HS1-834228961-62-HQ-83894-Section-3.pdf,7,77,98,REPORTS olir.nn G DISCS,TO: DIRECTOR                                      DATE: 9-15-4 7,"August 26, 1947",
65-HS1-834228961-62-HQ-83894-Section-3.pdf,8,99,101,,,,
65-HS1-834228961-62-HQ-83894-Section-3.pdf,9,102,135,,,,
65-HS1-834228961-62-HQ-83894-Section-3.pdf,10,136,146,"BYRON B. SAVAGE, Field Engineer, Radio Corporation",,24 July 1947,
65-HS1-834228961-62-HQ-83894-Section-3.pdf,11,147,149,FLYING DISCS,,"September 20, 1947",
65-HS1-834228961-62-HQ-83894-Section-3.pdf,12,150,158,"},'lying Disks",,"July 30, 1947",
65-HS1-834228961-62-HQ-83894-Section-3.pdf,13,159,160,FLYING DI wr. Rosen --,,"September 25, 1947",
65-HS1-834228961-62-HQ-83894-Section-3.pdf,14,161,161,,,3 September 1947,
65-HS1-834228961-62-HQ-83894-Section-3.pdf,15,162,177,INSTRUMENT FOUND ON FARM NEA.R,,,
65-HS1-834228961-62-HQ-83894-Section-3.pdf,16,178,183,"OFJ:YING DIS~. ~orted by BRU~l~'l""RONG",,"August 12, 1947",
65-HS1-834228961-62-HQ-83894-Section-3.pdf,17,184,185,,,3 September 1947,
65-HS1-834228961-62-HQ-83894-Section-3.pdf,18,186,190,FLYING DISCS SIGHTED MAY 51 1947 1,,"September 27, 1947",
65-HS1-834228961-62-HQ-83894-Section-4.pdf,1,1,4,,,,
65-HS1-834228961-62-HQ-83894-Section-4.pdf,2,5,6,REPORT OF FLYING DISCS,,10/18/47,
65-HS1-834228961-62-HQ-83894-Section-4.pdf,3,7,16,FLYING DISCS./,,9/25/47,
65-HS1-834228961-62-HQ-83894-Section-4.pdf,4,17,40,,,"November 5, 1947",
65-HS1-834228961-62-HQ-83894-Section-4.pdf,5,41,44,j FLYING DISCS : : ~~:- - ­,,3/1/48,
65-HS1-834228961-62-HQ-83894-Section-4.pdf,6,45,51,,,"March 22, 1948",
65-HS1-834228961-62-HQ-83894-Section-4.pdf,7,52,102,,,"April 1, 1948",
65-HS1-834228961-62-HQ-83894-Section-4.pdf,8,103,111,K' llr. 111,"TO: The Director                                             DATE:   January 241 1949 | FROM: D. M. Ladd                                                                 11.-. Clegs,_ _",,
65-HS1-834228961-62-HQ-83894-Section-4.pdf,9,112,127,,,16 December 1948,
65-HS1-834228961-62-HQ-83894-Section-4.pdf,10,128,129,,TO: ROUTING SLIP | FOR: FOLLOWING ACTION($) AS CHECKED | FROM: OFFICE,10 Nov 47,
65-HS1-834228961-62-HQ-83894-Section-4.pdf,11,130,130,FLYING DISCS,TO: Legal Attache,"May 4, 1949",
65-HS1-834228961-62-HQ-83894-Section-4.pdf,12,131,132,O FLYING DISCS,,"April 5, 1949",
65-HS1-834228961-62-HQ-83894-Section-4.pdf,13,133,144,UNKNOm{1 §.J.IBJECTS,,"April 16, 1949",
65-HS1-834228961-62-HQ-83894-Section-4.pdf,14,145,150,PROTECTION OF VITAL INSTALLATIOOS,,"March 22, 1949",
65-HS1-834228961-62-HQ-83894-Section-4.pdf,15,151,159,INFORW TION CONClOOUNO FLYING SAUCERS,,,
65-HS1-834228961-62-HQ-83894-Section-4.pdf,16,160,166,"FLYING DISCS lb"", L&Od - -",,"April 27, 1949",
65-HS1-834228961-62-HQ-83894-Section-4.pdf,17,167,204,KA. HRIE M ff.gcbo,,"May 20, 1949",
65-HS1-834228961-62-HQ-83894-Section-4.pdf,18,205,208,YLnNG DISCS AND SAUCERS,,"July 21, 1949",
65-HS1-834228961-62-HQ-83894-Section-4.pdf,19,209,212,WIWAM ALBERF,,"June 30, 1949",
65-HS1-834228961-62-HQ-83894-Section-4.pdf,20,213,214,---- C),,,
65-HS1-834228961-62-HQ-83894-Section-5.pdf,1,1,2,,,,
65-HS1-834228961-62-HQ-83894-Section-5.pdf,2,3,9,0 FLYING DISKS,,"July 26, 1949",
65-HS1-834228961-62-HQ-83894-Section-5.pdf,3,10,18,' ~,,"July 12, 1949",
65-HS1-834228961-62-HQ-83894-Section-5.pdf,4,19,34,llr. Tracy,,,
65-HS1-834228961-62-HQ-83894-Section-5.pdf,5,35,38,( 1i'LYii~G SAUCERS,,"Septernber 6, 1949",
65-HS1-834228961-62-HQ-83894-Section-5.pdf,6,39,79,"~ LEN\.cPROUSE, lnfoxlllBJl..t",,"October 2, 1949",
65-HS1-834228961-62-HQ-83894-Section-5.pdf,7,80,81,"OBJECT OVE!t OAK fiIOOE, 'IE!HJBSSEE, UARCH 1, 1950",,,
65-HS1-834228961-62-HQ-83894-Section-5.pdf,8,82,102,"UNKNO i' OBJECT OVER l)AK RIPGE , TENNESSEE, MARCH 1, 1950",,"March 6, 1950",
65-HS1-834228961-62-HQ-83894-Section-5.pdf,9,103,104,MIGUEL ~ r(Jt CIAS,,"April 11, 1950",
65-HS1-834228961-62-HQ-83894-Section-5.pdf,10,105,110,FLYIUO DISCS,,,
65-HS1-834228961-62-HQ-83894-Section-5.pdf,11,111,118,"q,LYING SAJICER COMPLAIN!' Glavin_ _",,"April 8, 1950",
65-HS1-834228961-62-HQ-83894-Section-5.pdf,12,119,159,WILLIAM AU3ER~ODES,"TO: Director, FBI                                    DATE:   4/18/50",4/18/50,
65-HS1-834228961-62-HQ-83894-Section-5.pdf,13,160,168,,,,
65-HS1-834228961-62-HQ-83894-Section-5.pdf,14,169,209,Q,,"July 11, 1950",
65-HS1-834228961-62-HQ-83894-Section-6.pdf,1,1,1,,,,
65-HS1-834228961-62-HQ-83894-Section-6.pdf,2,2,5,SUMMARY 0-;J;;ERIAL,,,
65-HS1-834228961-62-HQ-83894-Section-6.pdf,3,6,7,FLYING SAUC~.!RS,,"August 29, 1950",
65-HS1-834228961-62-HQ-83894-Section-6.pdf,4,8,12,~ LYI NG SA UCERS (,,,
65-HS1-834228961-62-HQ-83894-Section-6.pdf,5,13,23,O FLYING SAUCERS,,"October 9, 1950",
65-HS1-834228961-62-HQ-83894-Section-6.pdf,6,24,26,Summary or Observations ~erial Phenomena in the New,TO: Brigadier Gener al Jos eph F . Carroll,,
65-HS1-834228961-62-HQ-83894-Section-6.pdf,7,27,80,Anomalous Luminous Pnenomena ( Seventh Report),,,
65-HS1-834228961-62-HQ-83894-Section-6.pdf,8,81,82,FLYING SAUCER3,,,
65-HS1-834228961-62-HQ-83894-Section-6.pdf,9,83,86,"FLYIJ.""G DISCS",,,
65-HS1-834228961-62-HQ-83894-Section-6.pdf,10,87,99,FLYIW DIS_;g,,"March 25, 1949",
65-HS1-834228961-62-HQ-83894-Section-6.pdf,11,100,103,UNIDENTIFJED OBJECTS OVER,,,
65-HS1-834228961-62-HQ-83894-Section-6.pdf,12,104,110,"Visual Observation on :December 19, 1950",TO: Mr. William G. 'Pref,"December 19, 1950",
65-HS1-834228961-62-HQ-83894-Section-6.pdf,13,111,128,FLYING SAUCERS Rosen_ _,"TO: MR . C. E . HENNRICH ~ ~ -                         DATB:     February 26, 1951","February 26, 1951",
65-HS1-834228961-62-HQ-83894-Section-6.pdf,14,129,130,FLYING DISCS,,"March 21, 1952",
65-HS1-834228961-62-HQ-83894-Section-6.pdf,15,131,132,UNKNOWN SUBJECT; Fl.yi~ Objects,,,
65-HS1-834228961-62-HQ-83894-Section-6.pdf,16,133,133,FLYIIO DISCS ...._,"FROM: E. B. MossburgfV'                                                        ,.,..._","April 17, 1952",
65-HS1-834228961-62-HQ-83894-Section-6.pdf,17,134,136,FRED J.~KHOUT,,,
65-HS1-834228961-62-HQ-83894-Section-6.pdf,18,137,147,,,"May 7, 1952",
65-HS1-834228961-62-HQ-83894-Section-6.pdf,19,148,173,"q,LJ;.,I NC &,l.:_:;;s_, .. 1,, TELLY SCEN",,,
65-HS1-834228961-62-HQ-83894-Section-6.pdf,20,174,187,"1/ILLIAJI ALBERP""""'RHODES",,"June 17, 1952",
65-HS1-834228961-62-HQ-83894-Section-6.pdf,21,188,192,,,"July 8, 1952",
65-HS1-834228961-62-HQ-83894-Section-6.pdf,22,193,195,FL TIJ/G SAUCERS SEEN NEAR TJIESSALOM LAKE,,,
65-HS1-834228961-62-HQ-83894-Section-6.pdf,23,196,211,0,,"July 29, 1952",
65-HS1-834228961-62-HQ-83894-Section-6.pdf,24,212,271,UNUSUAL FLASHES DU/JING !Add_ _,"TO: A. H. Bel mon ~                                      D ATE:   July 31, 1952 | FROM: J . R. Higgins","July 31, 1952",
65-HS1-834228961-62-HQ-83894-Section-7.pdf,1,1,38,,,,
65-HS1-834228961-62-HQ-83894-Section-7.pdf,2,39,43,FLYI NG DISCS j27/ Clegg_ _,,"August 22, 1952",
65-HS1-834228961-62-HQ-83894-Section-7.pdf,3,44,60,UNIDENTIFIED FLYING OBJEC~,,,
65-HS1-834228961-62-HQ-83894-Section-7.pdf,4,61,62,"MONTANA ON SE~~~ER 19, 1952 V. ......_",,"September 20, 1952",
65-HS1-834228961-62-HQ-83894-Section-7.pdf,5,63,64,RE,,10/3/52,
65-HS1-834228961-62-HQ-83894-Section-7.pdf,6,65,68,,,,
65-HS1-834228961-62-HQ-83894-Section-7.pdf,7,69,89,Connnents on Article in The NEW YORKER,MEMORANDUM FOR: MR. ~       OX,30 September 1952,
65-HS1-834228961-62-HQ-83894-Section-7.pdf,8,90,93,OFLYING SAUCER$,"TO: MR.                                                  DATE:   October a,.,.~","September 30, 1952",
65-HS1-834228961-62-HQ-83894-Section-7.pdf,9,94,103,()FLYING SAUCERS,,,
65-HS1-834228961-62-HQ-83894-Section-7.pdf,10,104,104,PRO ~,TO: MR . A. H. BELMONT' | FROM: 1,,
65-HS1-834228961-62-HQ-83894-Section-7.pdf,11,105,125,TLTING DISCS,,"Januaru 20, 1953",
65-HS1-834228961-62-HQ-83894-Section-7.pdf,12,126,132,"("")11FLilNG SAUCERS""",,"February 17, 1953",
65-HS1-834228961-62-HQ-83894-Section-7.pdf,13,133,134,l'LUOO SAUCERS,,,
65-HS1-834228961-62-HQ-83894-Section-7.pdf,14,135,141,Individual who may possibly be connected with,,"March 4, 1953",
65-HS1-834228961-62-HQ-83894-Section-7.pdf,15,142,144,"DIREJ'IOR, FBI",,4/28/53,
65-HS1-834228961-62-HQ-83894-Section-7.pdf,16,145,160,FLYING SAUCERS,,,
65-HS1-834228961-62-HQ-83894-Section-7.pdf,17,161,168,"(;_ FLY IJ:G_ SA r.ccss ""","FROM: Jo hn Eagar Hoover., Director",,
65-HS1-834228961-62-HQ-83894-Section-7.pdf,18,169,173,INFORMATION REG~ING NEW,,4/12/54,
65-HS1-834228961-62-HQ-83894-Section-7.pdf,19,174,180,,,,
65-HS1-834228961-62-HQ-83894-Section-7.pdf,20,181,191,FLTING SAUCERS,,"April 12, 1954",
65-HS1-834228961-62-HQ-83894-Section-7.pdf,21,192,205,~lJMAN BETHURUM,"TO: Director, FBI                                                      DATE:",,
65-HS1-834228961-62-HQ-83894-Section-8.pdf,1,1,33,,,,
65-HS1-834228961-62-HQ-83894-Section-8.pdf,2,34,52,"CIVILIAN , RESEARCH",,11/2/54,
65-HS1-834228961-62-HQ-83894-Section-8.pdf,3,53,66,CIVILIAN RESEARCH,"TO: - Director, FBI (62- 83894)                  DATE:   11/22/54",11/22/54,
65-HS1-834228961-62-HQ-83894-Section-8.pdf,4,67,75,Dl!.TROIT,,,
65-HS1-834228961-62-HQ-83894-Section-8.pdf,5,76,90,CORDED · 36,,,
65-HS1-834228961-62-HQ-83894-Section-8.pdf,6,91,99,co,,,
65-HS1-834228961-62-HQ-83894-Section-8.pdf,7,100,111,,,,
65-HS1-834228961-62-HQ-83894-Section-8.pdf,8,112,129,CATHERrNE AUGHENBAUGH Tele . Room _,,"July 24, 1955",
65-HS1-834228961-62-HQ-83894-Section-8.pdf,9,130,132,,,,
65-HS1-834228961-62-HQ-83894-Section-8.pdf,10,133,136,-,,4/9/56,
65-HS1-834228961-62-HQ-83894-Section-8.pdf,11,137,138,FLYING DISC OBSERVED,FROM: Mr. L. H .                                                                                  Nichols _ _,,
65-HS1-834228961-62-HQ-83894-Section-8.pdf,12,139,146,/4ING DI C OBSE VED P sons _ _,,"May 4, 1956",
65-HS1-834228961-62-HQ-83894-Section-8.pdf,13,147,155,Tmv<.P . R. 0 . BULLETIN,,9/7/56,
65-HS1-834228961-62-HQ-83894-Section-8.pdf,14,156,173,,,"October 5, 1956",
65-HS1-834228961-62-HQ-83894-Section-8.pdf,15,174,188,Nease,,"March 15, 1957",
65-HS1-834228961-62-HQ-83894-Section-8.pdf,16,189,196,,,,
65-HS1-834228961-62-HQ-83894-Section-8.pdf,17,197,217,FLYING DI~S,,,
65-HS1-834228961-62-HQ-83894-Section-9.pdf,1,1,1,,,,
65-HS1-834228961-62-HQ-83894-Section-9.pdf,2,2,3,FLYING DISCS,,,
65-HS1-834228961-62-HQ-83894-Section-9.pdf,3,4,5,REPORTS OF FLYING DISCS,,"November 20, 1957",
65-HS1-834228961-62-HQ-83894-Section-9.pdf,4,6,8,UNIDENTIFIED FLYING OBJECTS,,"November 12, 1957",
65-HS1-834228961-62-HQ-83894-Section-9.pdf,5,9,21,ROBERT T. STONE,,,
65-HS1-834228961-62-HQ-83894-Section-9.pdf,6,22,27,,,,
65-HS1-834228961-62-HQ-83894-Section-9.pdf,7,28,37,FLYING SAUOERS,,,
65-HS1-834228961-62-HQ-83894-Section-9.pdf,8,38,39,OELMAINE H. OVESON,,"October 2, 1958",
65-HS1-834228961-62-HQ-83894-Section-9.pdf,9,40,43,Unidentif~ying Object,,5 December 1957,
65-HS1-834228961-62-HQ-83894-Section-9.pdf,10,44,51,OONALO E. KEYHOE,,"October 2, 1958",
65-HS1-834228961-62-HQ-83894-Section-9.pdf,11,52,53,WILLIAM-ALBER't'.RlionES Trotter _ _,,11/17/58,
65-HS1-834228961-62-HQ-83894-Section-9.pdf,12,54,57,,,"December 2, 1958",
65-HS1-834228961-62-HQ-83894-Section-9.pdf,13,58,68,,,"December 11, 1958",
65-HS1-834228961-62-HQ-83894-Section-9.pdf,14,69,74,,"TO: Director, FBI                                              DATE:           December 9 , 1958",12/2/58,
65-HS1-834228961-62-HQ-83894-Section-9.pdf,15,75,76,ALBERT K<BENDER Tamm _ _,,"December 12, 1958",
65-HS1-834228961-62-HQ-83894-Section-9.pdf,16,77,83,"ALBERT K?""BENDER - - - - - - - - - - - - : -·",,12/19/58,
65-HS1-834228961-62-HQ-83894-Section-9.pdf,17,84,90,ALBERT K. BENDER,,1/5/59,
65-HS1-834228961-62-HQ-83894-Section-9.pdf,18,91,96,ALBERT K. BENDER,,1/22/59,
65-HS1-834228961-62-HQ-83894-Section-9.pdf,19,97,98,"""-AERIAL PHENOMENA RESEARCH GROUP",,"May 22, 1959",
65-HS1-834228961-62-HQ-83894-Section-9.pdf,20,99,145,,,"August 31, 1959",
65-HS1-834228961-62-HQ-83894-Section-9.pdf,21,146,170,~ T ~ ~ YfilG O~ TS,"TO: DIRECTOR, FBI                                    DATE:   .S/ 4 / 60 _____",4/17/60,
65-HS1-834228961-62-HQ-83894-Section-9.pdf,22,171,177,,,"October 17, 1960",
65-HS1-834228961-62-HQ-83894-Section-9.pdf,23,178,195,dlhtNGSAUCERS) (fl ~~ ~,,,
65-HS1-834228961-62-HQ-83894-Section-9.pdf,24,196,201,,,"June 27, 1963",
65-HS1-834228961-62-HQ-83894-Section-9.pdf,25,202,203,,,7 July 17,
65-HS1-834228961-62-HQ-83894-Section-9.pdf,26,204,205,,,"September 27, 1963",
65-HS1-834228961-62-HQ-83894-Section-9.pdf,27,206,216,LARRY W. BRYANT,,9/24/63,
65-HS1-834228961-62-HQ-83894-Section-9.pdf,28,217,236,,,"January 22, 1964",
65-HS1-834228961-62-HQ-83894-Section-9.pdf,29,237,249,"UNIDENTIFIED FLYI:00 OBJECT ___[_,!~/",,5/8/64,
65-HS1-834228961-62-HQ-83894-Section-9.pdf,30,250,251,,,"July 13, 1964",
65-HS1-834228961-62-HQ-83894-Section-9.pdf,31,252,253,,,,
65-HS1-834228961-62-HQ-83894-Section-9.pdf,32,254,255,,,"November 16, 1964",
65-HS1-834228961-62-HQ-83894-Section-9.pdf,33,256,264,,,,
65-HS1-834228961-62-HQ-83894-Section-9.pdf,34,265,270,,,9 February 26,
65-HS1-834228961-62-HQ-83894-Section-9.pdf,35,271,280,,,"April 28, 1965",
65-HS1-834228961-62-HQ-83894-Section-9.pdf,36,281,284,,,"July 20, 1966",
65-HS1-834228961-62-HQ-83894-Section-9.pdf,37,285,286,,,"July 21, 1966",
65-HS1-834228961-62-HQ-83894-Section-9.pdf,38,287,290,,,"July 16, 1966",
65-HS1-834228961-62-HQ-83894-Serial-130.pdf,1,1,36,,,4 Auguet 19,
65-HS1-834228961-62-HQ-83894-Serial-130.pdf,2,37,103,I nveat i iation of Fl ying Disc,"TO: Headquarters, Army Air fo rces ,     as hin(ton 25 , D. C.",25 August 1947,
65-HS1-834228961-62-HQ-83894-Serial-130.pdf,3,104,126,,"TO: .A:;sistnnt Chie!' of Staff , A- 2",,
65-HS1-834228961-62-HQ-83894-Serial-153.pdf,1,1,9,,,,
65-HS1-834228961-62-HQ-83894-Serial-164.pdf,1,1,1,,,,
65-HS1-834228961-62-HQ-83894-Serial-164.pdf,2,2,9,,,15 February 1949,
65-HS1-834228961-62-HQ-83894-Serial-164.pdf,3,10,17,,,15 February 1949,
65-HS1-834228961-62-HQ-83894-Serial-164.pdf,4,18,25,,,15 February 1949,
65-HS1-834228961-62-HQ-83894-Serial-164.pdf,5,26,33,,,21 January 1948,
65-HS1-834228961-62-HQ-83894-Serial-164.pdf,6,34,41,,,15 February 1949,
65-HS1-834228961-62-HQ-83894-Serial-164.pdf,7,42,49,,,15 February 1949,
65-HS1-834228961-62-HQ-83894-Serial-164.pdf,8,50,57,,,15 February 1949,
65-HS1-834228961-62-HQ-83894-Serial-164.pdf,9,58,65,,,21 January 1948,
65-HS1-834228961-62-HQ-83894-Serial-164.pdf,10,66,73,,,21 January 1948,
65-HS1-834228961-62-HQ-83894-Serial-164.pdf,11,74,81,,,15 February 1949,
65-HS1-834228961-62-HQ-83894-Serial-164.pdf,12,82,89,,,21 January 1948,
65-HS1-834228961-62-HQ-83894-Serial-164.pdf,13,90,97,,,15 February 1949,
65-HS1-834228961-62-HQ-83894-Serial-164.pdf,14,98,105,,,16 February 1949,
65-HS1-834228961-62-HQ-83894-Serial-164.pdf,15,106,113,,,15 February 1949,
65-HS1-834228961-62-HQ-83894-Serial-164.pdf,16,114,121,,,15 February 1949,
65-HS1-834228961-62-HQ-83894-Serial-164.pdf,17,122,129,,,21 January 1948,
65-HS1-834228961-62-HQ-83894-Serial-164.pdf,18,130,137,,,15 February 1949,
65-HS1-834228961-62-HQ-83894-Serial-220.pdf,1,1,1,,,,
65-HS1-834228961-62-HQ-83894-Serial-220.pdf,2,2,15,,,"March 19, 1950",
65-HS1-834228961-62-HQ-83894-Serial-403.pdf,1,1,3,,,,
65-HS1-834228961-62-HQ-83894-Serial-438.pdf,1,1,40,,,,
65-HS1-834228961-62-HQ-83894-Serial-449.pdf,1,1,3,,,,
65-HS1-834228961-62-HQ-83894-Serial-449.pdf,2,4,7,,,"May 4, 1966",
65-HS1-834228961-62-HQ-83894-Serial-449.pdf,3,8,18,,,,
DOS-UAP-D1-Cable-1-Papua-New-Guinea-January-1985.pdf,1,1,3,PAPUA NEW GUINEA INQUIRY RE OVERFLIGHTS,,3/2/20,
DOS-UAP-D2-Cable-2-Kazakhstan-January-1994.pdf,1,1,3,TAJIK AIR PILOTS REPORT UNIDENTIFIED FLYING OBJECT,,3/2/2026,
DOW-UAP-D10-Mission-Report-Middle-East-May-2022.pdf,1,1,6,,,7 October 2025,
DOW-UAP-D12-Mission-Report-Iraq-May-2022.pdf,1,1,6,,,8 October 2025,
DOW-UAP-D14-Mission-Report-Iraq-May-2022.pdf,1,1,9,,,8 October 2025,
DOW-UAP-D16-Mission-Report-Syria-July-2022.pdf,1,1,7,,,8 October 2025,
DOW-UAP-D18-Mission-Report-Iraq-December-2022.pdf,1,1,6,,,8 October 2025,
DOW-UAP-D19-Mission-Report-Syria-February-21-2023.pdf,1,1,10,,,8 October 2025,
DOW-UAP-D20-Mission-Report-Iraq-2023.pdf,1,1,6,,,8 October 2025,
DOW-UAP-D23-Mission-Report-United-Arab-Emirates-October-2023.pdf,1,1,9,,,12 September 2025,
DOW-UAP-D25-Mission-Report-Greece-January-2024.pdf,1,1,7,,,24 October 2025,
DOW-UAP-D27-Mission-Report-United-Arab-Emirates-October-2023.pdf,1,1,8,,,24 October 2025,
DOW-UAP-D28-Mission-Report-East-China-Sea-2024.pdf,1,1,6,,,24 October 2025,
DOW-UAP-D3-Mission-Report-Arabian-Gulf-2020.pdf,1,1,7,,,,
"DOW-UAP-D32-Mission-Report,-Syria-October-2024.pdf",1,1,10,,,24 October 2025,
DOW-UAP-D33-Mission-Report-Greece-October-2023.pdf,1,1,7,,,22 January 2026,
DOW-UAP-D35-Mission-Report-Greece-October-2023.pdf,1,1,7,,,22 January 2026,
DOW-UAP-D38-Range-Fouler-Debrief-Middle-East-May-2020.pdf,1,1,1,,,05/14/20,
DOW-UAP-D4-Mission-Report-Arabian-Gulf-2020.pdf,1,1,5,,,,
DOW-UAP-D42-Range-Fouler-Debrief-Japan-2023.pdf,1,1,1,,,08/31/20,
DOW-UAP-D44-Range-Fouler-Arabian-Sea-October-2020.pdf,1,1,1,,,10/15/20,
DOW-UAP-D48-Report-September-1996.pdf,1,1,181,,,"September 10, 1996",
DOW-UAP-D49-Launch-Summary-February-2000.pdf,1,1,113,,,,
DOW-UAP-D5-Mission-Report-Arabian-Gulf-2020.pdf,1,1,6,,,,
DOW-UAP-D50-Email-Correspondence-INDOPACOM-April-2025.pdf,1,1,2,,,,
DOW-UAP-D51-Email-Correspondence-Pacific-Time-Zone-March-2023.pdf,1,1,6,,,,
DOW-UAP-D52-Email-Correspondance-NA-August-2024.pdf,1,1,2,,,,
DOW-UAP-D54-Mission-Report-Mediterranean-Sea-NA.pdf,1,1,7,,,,
DOW-UAP-D55-Mission-Report-Syria-November-2016.pdf,1,1,1,,,03/27/26,
DOW-UAP-D6-Mission-Report-Arabian-Gulf-2020.pdf,1,1,7,,,,
DOW-UAP-D7-Mission-Report-Arabian-Gulf-2020.pdf,1,1,6,,,,
DOW-UAP-D8-Mission-Report-Djibouti-2025.pdf,1,1,7,,,,
CIA-UAP-002-Scientific-Advisory-Panel-on-Unidentified-Flying-Objects-Report-1952-1953.pdf,1,1,3,,,,
CIA-UAP-002-Scientific-Advisory-Panel-on-Unidentified-Flying-Objects-Report-1952-1953.pdf,2,4,4,,,13 March 1953,
CIA-UAP-002-Scientific-Advisory-Panel-on-Unidentified-Flying-Objects-Report-1952-1953.pdf,3,5,5,,,13 March 1953,
CIA-UAP-002-Scientific-Advisory-Panel-on-Unidentified-Flying-Objects-Report-1952-1953.pdf,4,6,42,,,"January 17, 1953",
CIA-UAP-003-THE-CENTRAL-INTELLIGENCE-AGENCY-AND-OVERHEAD-RECONNAISSANCE-THE-U-2-AND-OXCART-PROGRAMS-1954-1974.pdf,1,1,406,,,,
CIA-UAP-004-CASE-17708-CLOSED-AND-DR-LEON-DAVIDSON.pdf,1,1,1,,,8 Jan. 58,
CIA-UAP-005-GERMAN-SCIENTISTS--ARTICLE-ON-FLYING-DISCS.pdf,1,1,4,,,31 July 1950,
CIA-UAP-006-Sighting-of-Unconventional-Aircraft.pdf,1,1,2,,,4 Oct 55,
CIA-UAP-007-Current-Status-of-Unidentified-Flying-Objects-UFO-Project.pdf,1,1,3,Current Status of Unidentified Flying Objects,"FROM: Chief, Phys l cs and Electron.ics Division; SI",17 December 1953,
CIA-UAP-008-SPECULATIVE-PAPER-BY-N-KARDASHEV-AND-A-SAKHAROV.pdf,1,1,2,,,6 September 1971,
CIA-UAP-009-UNKNOWN-FLYING-OBJECTS-OBERVED-OVER-BUDAPEST.pdf,1,1,1,,,,
CIA-UAP-010-REPORT-ON-CONVERSATIONS-WITH-SOVIET-SCIENTISTS-ON-SUBJECT-OF-UNIDENTIFIED-FLYING-OBJECTS-IS-THE-USSR.pdf,1,1,2,,,,
CIA-UAP-011-The-Sary-Shagan-Weapons-Testing-Range.pdf,1,1,3,,,,
CIA-UAP-012-Combatting-Fatigue-in-Crewmembers.pdf,1,1,2,,,,
CIA-UAP-013-Report-of-Unusual-Flying-Object-Sightings-and-Attendant-Scientific-Activity.pdf,1,1,1,,,,
CIA-UAP-014-British-Activity-in-the-Field-of-Unidentified-Flying-Objects.pdf,1,1,2,,,,
CIA-UAP-015-Project-Blue-Book-Special-Report-No-14.pdf,1,1,312,,,,
CIA-UAP-016-Sightings-of-Unidentified-Flying-Ojbects-in-Ladakh-Nepal-Sikkim-and-Bhutan.pdf,1,1,6,,,,
CIA-UAP-017-Placement-on-High-Alert-Due-to-Perceived-Aggressive-Foreign-Posturing.pdf,1,1,3,PLACEMEN'Ij'-_ _ _ _ _ _ _ _ _ _pN HIGH,"TO: WHITE HOUSE SITUATION ROOM WASHINGTON DC, DNI WASHINGTON DC, SECSTATE",,
CIA-UAP-018-Report-of-Unusual-Flying-Object-Sightings-and-Attendant-Scientific-Activity.pdf,1,1,3,,,,
CIA-UAP-019-Australian-Dept-of-Defense-Scientific-and-Intel-Aspects-of-the-UFO-Problem.pdf,1,1,19,,,,
DOW-UAP-D077-Unresolved-Case-Analysis-Update-Western-United-States-Event.pdf,1,1,4,All-domain Anomaly Resolution Office (AARO) Unidentified Anomalous,,,
DOW-UAP-D078-Notional-Map-Western-United-States-Event.pdf,1,1,1,,,,
DOW-UAP-D084-USArmy-Flying-Saucer-Study-1949.pdf,1,1,11,,,,
DOW-UAP-D084-USArmy-Flying-Saucer-Study-1949.pdf,2,12,25,Evaluation Study of Phenomenon Date: 5 Apr 49,,5 Apr 49,
DOW-UAP-D085-Transmission-of-CIA-Scientific-Advisory-Panel-Rept-1953.pdf,1,1,7,,,,
DOW-UAP-D086-USNavy-Report-of-Flying-Discs-1948.pdf,1,1,3,,,,
DOW-UAP-D087-US-AirForce-Analysis-of-Flying-Objects-in-the-US-1-100.pdf,1,1,253,,,,
DOW-UAP-D088-US-AirForce-Analysis-of-Flying-Objects-in-the-US-101-172.pdf,1,1,6,,,,
DOW-UAP-D088-US-AirForce-Analysis-of-Flying-Objects-in-the-US-101-172.pdf,2,7,22,"Norcatur , ~s., sky explosion",,24 June 1947,
DOW-UAP-D088-US-AirForce-Analysis-of-Flying-Objects-in-the-US-101-172.pdf,3,23,23,"Investigation of Flying Disc . Mar 11, 19liS",TO: Chief of Staff,5 March 19,
DOW-UAP-D088-US-AirForce-Analysis-of-Flying-Objects-in-the-US-101-172.pdf,4,24,29,Investi gation of Flying Dis cs,,5 March 1948,
DOW-UAP-D088-US-AirForce-Analysis-of-Flying-Objects-in-the-US-101-172.pdf,5,30,210,Report of Unidentified Aerial Sounds,TO: Chief of Staff,29 March 1948,
DoW-UAP-D079-Narrative-1-Western-US-Event.pdf,1,1,2,Nairntive from Witness 1 - Western U.S . Event,,02 June 2026,
DoW-UAP-D080-Narrative-2-Western-US-Event.pdf,1,1,8,Nairntive from Witness 2 - Western U.S. Event,,02 June 2026,
DoW-UAP-D081-Narrative-3-Western-US-Event.pdf,1,1,2,Nairntive from Witness 3 - Western U.S. Event,,02 June 2026,
DoW-UAP-D082-Narrative-4-Western-US-Event.pdf,1,1,3,Nairntive from Witness 4 - Western U.S . Event,,02 June 2026,
DoW-UAP-D083-Narrative-5-Western-US-Event.pdf,1,1,5,Nairntive from Witness 5 - Western U.S . Event,,,
FBI-UAP-D001-FD-302-Unresolved-UAP-Report-ColoradoSprings-2022.pdf,1,1,2,,,,
FBI-UAP-D002-FD-1057-Unresolved-UAP-Report-ColoradoSprings-2022.pdf,1,1,2,,,,
FBI-UAP-D003-Digital-Rendering-Unresolved-UAP-Report-ColoradoSprings-2022.pdf,1,1,1,,,,
FBI-UAP-D004-FD-1057-02-Northeastern-US-2024.pdf,1,1,3,,,,
FBI-UAP-D005-FD-1057-04-Northeastern-US-2024.pdf,1,1,3,,,,
FBI-UAP-D006-FD-1057-05-Northeastern-US-2024.pdf,1,1,3,,,,
FBI-UAP-D007-FD-1057-06-Northeastern-US-2024.pdf,1,1,4,,,,
FBI-UAP-D008-FD-1057-07-Northeastern-US-2024.pdf,1,1,2,,,12/1/2024,
FBI-UAP-D009-FD-302-67-Northeastern-Orb-Sighting-2026.pdf,1,1,2,,,,
FBI-UAP-D010-FD-302-71-Northeastern-Orb-Sighting-2026.pdf,1,1,2,,,,
FBI-UAP-D011-DFBI-Correspondence-Referral-1949.pdf,1,1,1,,,,
FBI-UAP-D011-DFBI-Correspondence-Referral-1949.pdf,2,2,4,,,"January 31, 1949",
FBI-UAP-D012-Newark-Field-Office-1952-1967.pdf,1,1,4,,,,
FBI-UAP-D012-Newark-Field-Office-1952-1967.pdf,2,5,14,,,,
FBI-UAP-D012-Newark-Field-Office-1952-1967.pdf,3,15,20,UHIDENT,TO: .                                           DATE:       8/28/57,8/28/57,
FBI-UAP-D012-Newark-Field-Office-1952-1967.pdf,4,21,25,rNI NG OBJECT SIGHTED,FROM: SA BILL WILLIA!e,,
FBI-UAP-D012-Newark-Field-Office-1952-1967.pdf,5,26,32,UNIDElrl'IFIED PLDlfG OBJECT,TO: SAC                                                    DATE:   4-22-59,,
FBI-UAP-D012-Newark-Field-Office-1952-1967.pdf,6,33,34,JOHN,,2/8/61,
FBI-UAP-D012-Newark-Field-Office-1952-1967.pdf,7,35,35,UNIDENTIFIED G OBJECTS ALL !NFO,,,
FBI-UAP-D012-Newark-Field-Office-1952-1967.pdf,8,36,40,'(Jl'.JIDElTTIFIED FLYING OBJECTS,"TO: SAC, NEl~AftK' { 62-0-15013)                                                               DATE:         2/            /61 | FROM: SA      RICHA P!:> C. LEE",1/16/61,
FBI-UAP-D012-Newark-Field-Office-1952-1967.pdf,9,41,42,"/·~,.;: ,'",,,
FBI-UAP-D012-Newark-Field-Office-1952-1967.pdf,10,43,50,,,,
FBI-UAP-D012-Newark-Field-Office-1952-1967.pdf,11,51,66,UIIIDENTIFIED FLYING OBJECTS,"TO: SAC, NEWARK ( 62-                         )                               DATE:7/11/66 | FROM: SA JOHN J. CREAMER, JR.",7/11/66,
FBI-UAP-D013-WA-UFO-Investigation-1952-1960.pdf,1,1,21,,,,
FBI-UAP-D013-WA-UFO-Investigation-1952-1960.pdf,2,22,28,SIGHTING OF UNIDENTIFIED,,6/7/54,34714596
FBI-UAP-D013-WA-UFO-Investigation-1952-1960.pdf,3,29,38,"E""1yinp Saucers",,,34714596
FBI-UAP-D013-WA-UFO-Investigation-1952-1960.pdf,4,39,55,"· A R SEEN OVT- R KENNE- Wa h •.,..,...,,.._n •",,,34714596
ICA-UAP-D001-Analysis-Colorado-Springs-UAP-Incident.pdf,1,1,4,USA/Colorado,,,
NASA-UAP-D015-Astronaut-Scientific-Debriefings-1962-1963.pdf,1,1,33,,,,
NASA-UAP-D015-Astronaut-Scientific-Debriefings-1962-1963.pdf,2,34,39,Considerations and (tecommendations of'Mtwmed,,,
NASA-UAP-D015-Astronaut-Scientific-Debriefings-1962-1963.pdf,3,40,50,,,,
NASA-UAP-D015-Astronaut-Scientific-Debriefings-1962-1963.pdf,4,51,53,Poeaible 1eritit1c Viaual IIitoruat1on,,,
NASA-UAP-D015-Astronaut-Scientific-Debriefings-1962-1963.pdf,5,54,54,,FROM: ~,,
NASA-UAP-D015-Astronaut-Scientific-Debriefings-1962-1963.pdf,6,55,113,Possible Scientific Visual Information,,21 February 1962,
NASA-UAP-D015-Astronaut-Scientific-Debriefings-1962-1963.pdf,7,114,114,,,,
NASA-UAP-D015-Astronaut-Scientific-Debriefings-1962-1963.pdf,8,115,216,Scientific Debriefing of Lt. Cmdr,FROM: J. R. Gill,15 November 1963,
NASA-UAP-D016-Preliminary-Gemini-4-Crew-Debriefing-Part1-1965.pdf,1,1,340,,,,
NASA-UAP-D017-Preliminary-Gemini-4-Crew-Debriefing-Part2-1965.pdf,1,1,290,,,,
NASA-UAP-D018-Gemini-4-Experiment-Debriefing-1967.pdf,1,1,1,,,,
NASA-UAP-D018-Gemini-4-Experiment-Debriefing-1967.pdf,2,2,7,Gemini Flight Number Four (GT-4) Additional Flight Activities,,"June 1, 1965",
NASA-UAP-D018-Gemini-4-Experiment-Debriefing-1967.pdf,3,8,26,Gemini Flight Number Four (GT-4),,"May 24, 1965",
NASA-UAP-D018-Gemini-4-Experiment-Debriefing-1967.pdf,4,27,164,,,5/24/65,
NASA-UAP-D018-Gemini-4-Experiment-Debriefing-1967.pdf,5,165,167,Technical Analysis of Gemini (GT- 4) Photography,,"July 16, 1965",
NASA-UAP-D018-Gemini-4-Experiment-Debriefing-1967.pdf,6,168,169,,,,
NASA-UAP-D018-Gemini-4-Experiment-Debriefing-1967.pdf,7,170,175,Technical Analysis of Gemini (GT-4) Photography,,"July 16, 1965",
NASA-UAP-D018-Gemini-4-Experiment-Debriefing-1967.pdf,8,176,224,Request for duplicate movie films and color prints of,TO: Manned Spacecr ft Center,,
NASA-UAP-D019-Gemini-5-Technical-Debriefing-Part1-1965.pdf,1,1,223,,,,
NASA-UAP-D020-Gemini-5-Technical-Debriefing-Part2-1965.pdf,1,1,325,,,,
NASA-UAP-D021-Gemini-7-Technical-Debriefing-1965.pdf,1,1,222,,,"December 23, 1965",
NASA-UAP-D022-Gemini-9-Debriefing-1966.pdf,1,1,11,,FROM: CODE :       NAME:,,
NASA-UAP-D022-Gemini-9-Debriefing-1966.pdf,2,12,16,"Experiments Debfiefing of Gemini IX held in Bldg . 4, MSC at",,,
NASA-UAP-D022-Gemini-9-Debriefing-1966.pdf,3,17,38,Report on Gemini 9,,,
NASA-UAP-D022-Gemini-9-Debriefing-1966.pdf,4,39,42,,,,
NASA-UAP-D022-Gemini-9-Debriefing-1966.pdf,5,43,52,Sci entific Experiments carried out oh Gemini IX,,5/27/66,
NASA-UAP-D022-Gemini-9-Debriefing-1966.pdf,6,53,59,Request for attendance of,"FROM: I CODE,",,
NASA-UAP-D022-Gemini-9-Debriefing-1966.pdf,7,60,63,Bulletin on S- 11 experiment for Gemini IX,,,
NASA-UAP-D022-Gemini-9-Debriefing-1966.pdf,8,64,72,Tentative list of invitees to attend Gemini IX Debriefing,,,
NASA-UAP-D022-Gemini-9-Debriefing-1966.pdf,9,73,76,Status of Scientific (OSSA) Experiments on Gemini IX,,"March 7, 1966",
NASA-UAP-D022-Gemini-9-Debriefing-1966.pdf,10,77,78,Status of tibmti:Kixll cientif'ic tOSSA) xperiments on Gemini IX,,,
USG-UAP-D001-Congress-WhiteHouse-UFO-Correspondence-1998.pdf,1,1,31,,,,
USG-UAP-D001-Congress-WhiteHouse-UFO-Correspondence-1998.pdf,2,32,32,,,"August 3, 1998",
USG-UAP-D001-Congress-WhiteHouse-UFO-Correspondence-1998.pdf,3,33,34,Message from a Voter,TO: chuck grassley at Grassley-DC,7/6/98,
USG-UAP-D001-Congress-WhiteHouse-UFO-Correspondence-1998.pdf,4,35,41,NASA,TO: chuck grassley at Grassley-DC,"May 15, 1963",
USG-UAP-D001-Congress-WhiteHouse-UFO-Correspondence-1998.pdf,5,42,51,,,"May 18, 1998",
USG-UAP-D001-Congress-WhiteHouse-UFO-Correspondence-1998.pdf,6,52,52,REFERRAL OF CASEWORK IN BULK,MEMORANDUM FOR: '             J | FROM: SUE J. SMITH  c;f'x1,,
USG-UAP-D001-Congress-WhiteHouse-UFO-Correspondence-1998.pdf,7,53,62,InboW1d-White_House_WWW_MAIL => PRESIDENT,,17 May 1998,
USG-UAP-D001-Congress-WhiteHouse-UFO-Correspondence-1998.pdf,8,63,73,,,"June 4, 1998",
USG-UAP-D001-Congress-WhiteHouse-UFO-Correspondence-1998.pdf,9,74,83,Inbound-White_House_WWW_MAIL => PRESIDENT,,16 Mar 1998,
USG-UAP-D001-Congress-WhiteHouse-UFO-Correspondence-1998.pdf,10,84,86,,,"May 13, 1998",
